1,Acholeplasma phage L2,L13696,2
2,Acholeplasma phage MV-L1,NC_001341,14
3,Achromobacter phage JWDelta,KF787094,1560
4,Achromobacter phage JWAlpha,NC_023556,1604
5,Acidianus spindle-shaped virus 1,FJ870917,556
6,Acidianus bottle-shaped virus,EF432053,367
7,Acidianus filamentous virus 1,AJ567472,167
8,Acidianus filamentous virus 2,AJ854042,215
9,Acidianus filamentous virus 9,EU545650,431
10,Acidithiobacillus phage AcaML1,JX507079,1002
11,Acinetobacter phage AP205,AF334111,127
12,Acinetobacter phage Petty,NC_023570,1613
13,Acinetobacter phage Presley,NC_023581,1620
14,Acinetobacter phage IME_AB3,NC_023590,1624
15,Acinetobacter bacteriophage AP22,NC_017984,921
16,Acinetobacter phage Bphi-B1251,NC_019541,1099
17,Acinetobacter phage Abp1,NC_021316,1328
18,Acinetobacter phage AB3,KC311669,1166
19,Acinetobacter phage AB1,HM368260,622
20,Acinetobacter phage phiAB1,HQ186308,646
21,Acinetobacter phage IME-AB2,JX976549,1039
22,Acinetobacter phage vB_AbaM_Acibel004,KJ473422,1737
23,Acinetobacter phage vB_AbaP_Acibel007,KJ473423,1738
24,Acinetobacter phage YMC-13-01-C62,KJ817802,1778
25,Acinetobacter phage ZZ1,NC_018087,1941
26,Acinetobacter phage Acj61,NC_014661,643
27,Acinetobacter phage Acj9,NC_014663,645
28,Acinetobacter phage 133,NC_015250,677
29,Acinetobacter phage phiAC-1,JX560521,1000
30,Haemophilus phage Aaphi23,AJ560763,154
31,Actinomyces phage Av-1,DQ123818,385
32,Aeromonas phage Aeh1,NC_005260,170
33,Aeromonas phage CC2,NC_019538,1097
34,Aeromonas phage pAh6-C,KJ858521,1834
35,Aeromonas phage phiO18P,NC_009542,410
36,Aeromonas phage PX29,NC_023688,1647
37,Aeromonas phage 25,NC_008208,328
38,Aeromonas phage phiAS4,NC_014635,641
39,Aeromonas phage phiAS5,NC_014636,642
40,Aeromonas phage vB_AsaM-56,NC_019527,1093
41,Aeromonas phage phiAS7,NC_019528,1094
42,Aeromonas phage Aes508,NC_019543,1100
43,Aeromonas phage 65,NC_015251,678
44,Aeromonas phage 31,NC_007022,222
45,Aeromonas phage 44RR2.8t,NC_005135,166
46,Aeromonas phage Aes012,JN377895,947
47,Aeromonas phage pIS4-A,JF974294,1350
48,Aggregatibacter phage S1249,NC_013597,563
49,Agrobacterium phage 7-7-1,JQ312117,905
50,Vibrio phage douglas 12A4,NC_021068,1284
51,Alteromonas phage vB_AmaP_AD45-P1,NC_021532,1359
52,Alteromonas phage vB_AmaP_AD45-P3,KF005318,1309
53,Alteromonas phage vB_AmaP_AD45-P4,KF005319,1310
54,Alteromonas phage vB_AmaP_AD45-P2,KF005320,1311
55,Anabaena phage A-4L,NC_024358,1798
56,Arthrobacter phage vB_ArtM-ArV1,KM879463,1916
57,Arthrobacter phage vB_ArS-ArV2,KF692088,1723
58,Escherichia phage vB_EcoM_JS09,KF582788,1928
59,Azospirillum phage Cd,NC_010355,421
60,Bacillus phage Troll,KF208639,1516
61,Bacillus phage vB_BanS-Tsamsa,NC_023007,1555
62,Bacillus phage Cherry,NC_007457,290
63,Bacillus phage WBeta,NC_007734,301
64,Bacillus phage Fah,NC_007814,303
65,Bacillus phage AP50,NC_011523,499
66,Bacillus phage Wip1,NC_022094,1469
67,Bacillus phage Gamma,NC_007458,289
68,Bacillus phage B4,NC_018863,1035
69,Bacillus phage Bcp1,NC_024137,1751
70,Bacillus prophage phBC6A51,NC_004820,155
71,Bacillus prophage phBC6A52,NC_004821,156
72,Bacillus phage PBC1,NC_017976,924
73,Bacillus phage BPS13,NC_018857,1031
74,Bacillus phage BCP78,NC_018860,1033
75,Bacillus phage BCD7,NC_019515,1087
76,Bacillus phage W.Ph.,NC_016563,835
77,Bacillus phage Bastille,NC_018856,1030
78,Bacillus cereus bacteriophage vB_BceM_Bc431v3,NC_020873,1274
79,Bacillus phage Gamma isolate d'Herelle,DQ289556,298
80,Bacillus phage 250,GU229986,591
81,Bacillus phage B5S,JN797796,827
82,Bacillus phage BCU4,JN797798,828
83,Bacillus phage Basilisk,KC595511,1824
84,Bacillus phage JL,KC595512,1825
85,Bacillus phage Shanette,KC595513,1826
86,Bacillus phage CP-51,KF554508,1820
87,Bacillus phage vB_BceM-Bc431v3,JX094431,988
88,Bacillus phage Staley,NC_022767,1565
89,Bacillus phage Pony,NC_022770,1567
90,Bacillus phage Slash,NC_022774,1725
91,Bacillus phage Page,NC_022764,1574
92,Bacillus phage poppyseed,KF669657,1497
93,Bacillus phage G,NC_023719,1676
94,Bacillus phage Curly,NC_020479,1215
95,Bacillus phage phiAGATE,NC_020081,1558
96,Bacillus phage Riggi,NC_022765,1563
97,Bacillus phage Glittering,NC_022766,1564
98,Bacillus phage Blastoid,NC_022773,1570
99,Bacillus phage Eoghan,NC_020477,1213
100,Bacillus phage Andromeda,NC_020478,1214
101,Bacillus phage Finn,NC_020480,1216
102,Bacillus phage Gemini,KC330681,1187
103,Bacillus phage Taylor,KC330682,1188
104,Bacillus virus 1,DQ840344,443
105,Bacillus phage GA-1,X96987,60
106,Bacillus phage Grass,NC_022771,1568
107,Bacillus phage CampHawk,NC_022761,1511
108,Bacillus phage SPBc2,NC_001884,30
109,Bacillus phage B103,NC_004165,110
110,Bacillus phage phi105,NC_004167,109
111,Bacillus phage SPP1,NC_004166,331
112,Bacillus phage phi29,NC_011048,459
113,Bacillus phage PM1 DNA,NC_020883,1277
114,Bacillus phage phiNIT1 DNA,NC_021856,1405
115,Bacillus phage phiNIT1,AB091475,134
116,Bacillus phage PZA,M11813,1
117,Bacillus phage SPO1,NC_011421,498
118,Bacillus phage PM1,AB711120,1212
119,Bacillus phage Spock,NC_022763,1562
120,Bacillus phage BigBertha,NC_022769,1566
121,Bacillus phage phiCM3,NC_023599,1629
122,Bacillus phage CAM003,NC_024216,1764
123,Bacillus phage Bam35c,NC_005258,171
124,Bacillus phage GIL16c,NC_006945,217
125,Bacillus phage BtCS33,NC_018085,938
126,Bacillus phage 0305phi8-36,NC_009760,388
127,Bacillus phage IEBH,NC_011167,470
128,Bacillus phage phIS3501,NC_019502,1075
129,Bacillus phage BMBtp2,NC_019912,1138
130,Bacillus phage pGIL01,AJ536073,782
131,Bacillus phage BceA1,HE614282,956
132,Bacillus phage proCM3,KF296717,1490
133,Bacillus phage Waukesha92,KJ920400,1784
134,Bacillus phage Bobb,KM051843,1842
135,Bacillus phage MG-B1,NC_021336,1338
136,Bacteroides phage B40-8,NC_011222,475
137,Bacteroides phage B124-14,NC_016770,853
138,Bdellovibrio phage phiMH2K,NC_002643,59
139,Bdellovibrio phage phi1402,NC_015721,704
140,Bdellovibrio phage phi1422,NC_019525,1092
141,Bordetella phage BIP-1,NC_005809,183
142,Bordetella phage BPP-1,NC_005357,180
143,Bordetella phage BMP-1,NC_005808,182
144,Corynebacterium phage BFK20,NC_009799,1930
145,Brochothrix phage NF5,NC_015252,682
146,Brochothrix phage A9,NC_015253,683
147,Brochothrix phage BL3,NC_015254,691
148,Brucella phage Tb,NC_019446,1058
149,Brucella phage Fz,KC556894,1551
150,Brucella phage Wb,KC556898,1554
151,Brucella phage R/C,KC556895,1552
152,Brucella phage Pr,NC_019447,1059
153,Brucella phage Bk,KC556893,1550
154,Brucella phage F1,HG428758,1493
155,Brucella phage S708,KC556896,1553
156,Burkholderia ambifaria phage BcepF1,NC_009015,358
157,Burkholderia phage KL3,NC_015266,686
158,Burkholderia phage JG068,NC_022916,1519
159,Burkholderia phage KL1,NC_018278,974
160,Burkholderia phage AH2,NC_018283,978
161,Burkholderia phage BcepNY3,NC_009604,384
162,Burkholderia phage BcepIL02,NC_012743,795
163,Burkholderia phage KS5,NC_015265,685
164,Burkholderia phage KS14,NC_015273,688
165,Burkholderia phage Bcep1,NC_005263,193
166,Burkholderia phage BcepMu,NC_005882,198
167,Burkholderia phage BcepB1A,NC_005886,285
168,Burkholderia phage KS10,NC_011216,473
169,Burkholderia phage BcepMigl,NC_019917,1143
170,Burkholderia phage DC1,NC_018452,980
171,Burkholderia phage BcepNazgul,NC_005091,322
172,Burkholderia phage Bcep22,NC_005262,1929
173,Burkholderia phage BcepC6B,NC_005887,200
174,Burkholderia phage Bcep43,NC_005342,195
175,Burkholderia phage BcepGomr,NC_009447,371
176,Burkholderia phage Bcep781,NC_004333,194
177,Burkholderia phage Bcep176,NC_007497,292
178,Burkholderia phage phi1026b,NC_005284,172
179,Burkholderia prophage phi52237,NC_007145,342
180,Burkholderia phage phiE12-2 chromosome,NC_009236,364
181,Burkholderia phage phi644-2 chromosome,NC_009235,381
182,Burkholderia phage ST79,NC_021343,1341
183,Burkholderia phage phiX216,JX681814,1038
184,Burkholderia phage BEK,CP008753,1873
185,Burkholderia phage phiE12-2,CP000624,361
186,Burkholderia phage phi644-2,CP000625,379
187,Burkholderia phage KS9,NC_013055,539
188,Burkholderia phage phiE125,NC_003309,89
189,Burkholderia phage phiE202 chromosome,NC_009234,365
190,Burkholderia phage phiE255 chromosome,NC_009237,366
191,Burkholderia phage phiE202,CP000623,360
192,Burkholderia phage phiE255,CP000622,362
193,Campylobacter phage NCTC12673,NC_015464,697
194,Campylobacter phage CPX,NC_016562,834
195,Campylobacter phage CP30A,NC_018861,1034
196,Campylobacter phage CP81,FR823450,778
197,Campylobacter phage CP8,KF148616,1436
198,Campylobacter phage CJIE4-1,KF751793,1705
199,Campylobacter phage CJIE4-2,KF751794,1706
200,Campylobacter phage CJIE4-3,KF751795,1707
201,Campylobacter phage CJIE4-4,KF751796,1708
202,Campylobacter phage CJIE4-5,KF751797,1709
203,Campylobacter phage CP21,HE815464,966
204,Bacteriophage APSE-2,NC_011551,500
205,Enterobacteria phage phiX174,CP004084,1925
206,Liberibacter phage FP2,JF773396,776
207,Liberibacter phage SC1,NC_019549,1103
208,Liberibacter phage SC2,NC_019550,1104
209,Pelagibacter phage HTVC010P,NC_020481,1217
210,Pelagibacter phage HTVC011P,NC_020482,1218
211,Pelagibacter phage HTVC019P,NC_020483,1219
212,Pelagibacter phage HTVC008M,NC_020484,1220
213,Puniceispirillum phage HMO-2011,NC_021864,1432
214,Caulobacter phage phiCbK,JX163858,959
215,Caulobacter phage Cr30,KF301602,1435
216,Caulobacter phage phiCb5,HM066936,606
217,Caulobacter phage CcrColossus,JX100810,1007
218,Caulobacter phage CcrKarma,JX100811,1006
219,Caulobacter phage CcrMagneto,JX100812,1005
220,Caulobacter phage CcrRogue,JX100814,1004
221,Caulobacter phage CcrSwift,JX100809,1008
222,Celeribacter phage P12053L,JQ809650,931
223,Cellulophaga phage phiST,HQ634192,1243
224,Cellulophaga phage phi3ST:2,KC821610,1365
225,Cellulophaga phage phi40:1,KC821612,1366
226,Cellulophaga phage phi12:3,KC821615,1367
227,Cellulophaga phage phiSM,HQ317392,1226
228,Cellulophaga phage phi19:2,KC821621,1368
229,Cellulophaga phage phi13:1,KC821625,1369
230,Cellulophaga phage phi18:2,KC821627,1370
231,Cellulophaga phage phi18:4,KC821628,1371
232,Cellulophaga phage phi38:2,KC821629,1372
233,Cellulophaga phage phi3:1,KC821630,1373
234,Cellulophaga phage phi48:1,KC821631,1374
235,Cellulophaga phage phi47:1,KC821634,1375
236,Cellulophaga phage phi4:1,NC_021788,1410
237,Cellulophaga phage phi19:3,NC_021789,1411
238,Cellulophaga phage phi18:1,NC_021790,1412
239,Cellulophaga phage phi12:1,NC_021791,1413
240,Cellulophaga phage phi46:3,NC_021792,1414
241,Cellulophaga phage phi48:2,NC_021793,1415
242,Cellulophaga phage phi18:3,NC_021794,1416
243,Cellulophaga phage phi17:1,NC_021795,1417
244,Cellulophaga phage phi38:1,NC_021796,1418
245,Cellulophaga phage phi12:2,NC_021797,1419
246,Cellulophaga phage phi17:2,NC_021798,1420
247,Cellulophaga phage phi19:1,NC_021799,1421
248,Cellulophaga phage phi46:1,NC_021800,1422
249,Cellulophaga phage phi10:1,NC_021802,1424
250,Cellulophaga phage phi13:2,NC_021803,1425
251,Cellulophaga phage phi39:1,NC_021804,1426
252,Cellulophaga phage phi12a:1,NC_021805,1427
253,Cellulophaga phage phi14:2,NC_021806,1428
254,Chlamydia phage 3,AJ550635,192
255,Chlamydia phage CPAR39,AE002163,8
256,Chlamydia phage phiCPAR39,NC_002180,55
257,Chlamydia phage PhiCPG1,NC_001998,38
258,Chlamydia phage Chp1,NC_001741,27
259,Chlamydia phage Chp2,NC_002194,49
260,Chlamydia phage 4,NC_007461,288
261,Citrobacter phage CR8,NC_023548,1591
262,Citrobacter phage CR44b,NC_023576,1597
263,Clavibacter phage CN1A,NC_023549,1631
264,Clavibacter phage CMP1,NC_013698,584
265,Clostridium phage phiCD27,EU719189,474
266,Clostridium phage phiMMP02,JX145341,960
267,Clostridium phage phiMMP04,JX145342,961
268,Clostridium phage phiCD6356,GU949551,610
269,Clostridium phage phiCD38-2,HM568888,698
270,Clostridium phage phi CD119,NC_007917,321
271,Clostridium phage phiC2,NC_009231,363
272,Clostridium phage c-st,NC_007581,294
273,Clostridium phage D-1873,NZ_ACSJ01000012,536
274,Clostridium phage phiSM101,NC_008265,330
275,Clostridium phage phi3626,NC_003524,101
276,Clostridium phage PhiS63,NC_017978,920
277,Clostridium phage phiCP7R,NC_017980,925
278,Clostridium phage phiCPV4,NC_018083,936
279,Clostridium phage phiZP2,NC_018084,937
280,Clostridium phage 39-O,NC_011318,491
281,Clostridium phage phiCP26F,NC_019496,1072
282,Clostridium phage phiCP13O,NC_019506,1079
283,Clostridium phage phiCP34O,NC_019508,1080
284,Clostridium phage phi24R,NC_019523,1091
285,Clostridium phage vB_CpeS-CP51,NC_021325,1333
286,Clostridium phage phiCP9O,JF767210,702
287,Clostridium phage phi8074-B1,NC_019924,1145
288,Colwellia phage 9A,NC_018088,940
289,Corynebacterium phage P1201,NC_009816,393
290,Croceibacter phage P2559Y,NC_023614,1643
291,Croceibacter phage P2559S,NC_018276,973
292,Cronobacter phage CR9,NC_023717,1675
293,Cronobacter phage CR8,NC_024354,1796
294,Cronobacter phage phiES15,JQ780327,904
295,Cronobacter phage CR3,NC_017974,923
296,Cronobacter phage vB_CsaM_GAP32,NC_019401,1046
297,Cronobacter phage vB_CsaP_GAP52,NC_019402,1047
298,Cronobacter phage ESP2949-1,NC_019509,1081
299,Cronobacter phage vB_CsaM_GAP161,NC_019398,1043
300,Cronobacter phage vB_CsaM_GAP31,NC_019400,1045
301,Cronobacter phage ENT47670,NC_019927,1146
302,Cronobacter phage ENT39118,NC_019934,1151
303,Cronobacter phage CR5,NC_021531,1358
304,Cronobacter phage ESSI-2,HQ110083,659
305,Cronobacter phage ES2,JF314845,780
306,Cronobacter phage S13,KC954775,1762
307,Cronobacter phage vB_CskP_GAP227,NC_020078,1183
308,Cronobacter phage Dev2,NC_023558,1773
309,Deftia phage phiW-14,NC_013697,586
310,Dickeya phage Limestone,NC_019925,1182
311,Dickeya phage vB_DsoM_LIMEstone1,HE600015,907
312,Dickeya phage RC-2014,KJ716335,1741
313,Dinoroseobacter phage DFL12phi1,NC_024367,1803
314,Dinoroseobacter phage IMEphi4,KJ621082,1742
315,Edwardsiella phage eiAU-183,NC_023555,1603
316,Edwardsiella phage PEi21,NC_021342,1734
317,Edwardsiella phage eiAU,KF772233,1575
318,Edwardsiella phage PEi2,AP013057,1287
319,Enterobacter phage Enc34,NC_019524,1959
320,Enterobacter phage PG7,NC_023561,1606
321,Enterobacter phage EcP1,NC_019485,1069
322,Enterobacteria phage Hgal1,JX045650,946
323,Enterobacteria phage C-1 INW-2012,JX045649,945
324,Enterococcus phage EF62phi,NC_017732,908
325,Enterococcus phage VD13,NC_024212,1765
326,Enterococcus phage IME_EF3,NC_023595,1772
327,Enterococcus phage phiEF24C,NC_009904,407
328,Enterococcus phage EFAP-1,NC_012419,519
329,Enterococcus phage phiFL3A,NC_013648,570
330,Enterococcus phage phiFL1A,NC_013646,572
331,Enterococcus phage phiFL4A,NC_013644,574
332,Enterococcus phage phiFL2A,NC_013643,575
333,Enterococcus phage phiEf11,NC_013696,583
334,Enterococcus phage EFRM31,NC_015270,687
335,Enterococcus phage BC-611,NC_018086,939
336,Enterococcus phage phiEF24C-P2,AB609718,797
337,Enterococcus phage phiFL1B,GQ478082,559
338,Enterococcus phage phiFL1C,GQ478083,560
339,Enterococcus phage phiFL2B,GQ478085,561
340,Enterococcus phage phiFL3B,GQ478087,562
341,Enterococcus phage SAP6,JF731128,781
342,Enterococcus phage EfaCPT1,JX193904,953
343,Enterococcus phage IME-EF1,KF192053,1396
344,Enterococcus phage EFC-1,KJ608188,1877
345,Enterococcus phage IME-EFm1,NC_024356,1797
346,Enterococcus phage vB_Efae230P-4,JQ309827,900
347,Enterococcus phage IME-EF4,KF733017,1545
348,Erwinia phage PhiEaH1,NC_023610,1600
349,Erwinia amylovora phage Era103,NC_009014,356
350,Erwinia phage phiEa21-4,NC_011811,510
351,Erwinia phage vB_EamM-Y2,NC_019504,1077
352,Erwinia phage vB_EamP-L1,NC_019510,1082
353,Erwinia phage vB_EamP-S6,NC_019514,1086
354,Erwinia phage ENT90,NC_019932,1150
355,Erwinia phage phiEaH2,NC_019929,1148
356,Erwinia phage vB_EamM-M7,HQ728263,707
357,Erwinia phage Ea35-70,NC_023557,1605
358,Erwinia phage Ea9-2,NC_023579,1618
359,Erwinia phage PEp14,NC_016767,852
360,Erwinia phage FE44,KF700371,1495
361,Enterobacteria phage phiP27,AJ298298,92
362,Enterobacteria phage JL1,NC_019419,1279
363,Stx2 converting phage I,NC_003525,100
364,Enterobacteria phage fiAA91-ss,NC_022750,1504
365,Enterobacteria phage SSL-2009a,NC_012223,1557
366,Escherichia phage Lw1,NC_021344,1355
367,Escherichia phage KBNP1711,NC_023593,1626
368,Escherichia phage vB_EcoM_FFH2,NC_024134,1748
369,Escherichia phage vB_EcoS_FFH1,NC_024139,1753
370,Enterobacteria phage Bp4,NC_024142,1944
371,Enterobacteria phage 9g,NC_024146,1758
372,Escherichia phage PE3-1,NC_024379,1809
373,Enterobacteria phage P2,NC_001895,32
374,Enterobacteria phage If1,NC_001954,36
375,Enterobacteria phage 933W,NC_000924,39
376,Enterobacteria phage T4,NC_000866,140
377,Enterobacteria phage HK022,NC_002166,46
378,Enterobacteria phage PRD1,NC_001421,411
379,Enterobacteria phage N15,NC_001901,33
380,Enterobacteria phage Mu,NC_000929,44
381,Enterobacteria phage HK620,NC_002730,75
382,Enterobacteria phage lambda,NC_001416,18
383,Enterobacteria phage BP-4795,NC_004813,153
384,Stx1 converting phage,NC_004913,1934
385,Enterobacteria phage RB49,NC_005066,164
386,Stx2 converting phage II,NC_004914,1935
387,Enterobacteria phage G4,NC_001420,434
388,Enterobacteria phage T3,NC_003298,84
389,Enterobacteria phage P4,NC_001609,23
390,Enterobacteria phage T7,NC_001604,22
391,Enterobacteria phage T1,NC_005833,185
392,Enterobacteria phage M13,NC_003287,212
393,Enterobacteria phage alpha3,NC_001330,10
394,Enterobacteria phage I2-2,NC_001332,12
395,Enterobacteria phage HK97,NC_002167,47
396,Enterobacteria phage Ike,NC_002014,17
397,Enterobacteria phage GA,NC_001426,21
398,Enterobacterio phage MS2,NC_001417,433
399,Enterobacteria phage RB69,NC_004928,160
400,Enterobacteria phage T5,NC_005859,189
401,Enterobacteria phage FI,NC_004301,117
402,Enterobacteria phage Qbeta,NC_001890,31
403,Enterobacteria phage JK06,NC_007291,247
404,Enterobacteria phage K1F,NC_007456,291
405,Enterobacteria phage RTP,NC_007603,295
406,Enterobacteria phage K1E,NC_007637,297
407,Escherichia phage phiV10,NC_007804,386
408,Enterobacteria phage ID2 Moscow/ID/2001,NC_007817,316
409,Enterobacteria phage WA13,NC_007821,317
410,Enterobacteria phage ID18,NC_007856,315
411,Escherichia phage bV_EcoS_AKFV33,NC_017969,918
412,Stx2-converting phage 86,NC_008464,340
413,Enterobacteria phage N4,NC_008720,348
414,Phage cdtI,NC_009514,375
415,Enterobacteria phage TLS,NC_009540,380
416,Enterobacteria phage Phi1,NC_009821,396
417,Enterobacteria phage phiEcoM-GJ1,NC_010106,413
418,Enterobacteria phage JS98,NC_010105,414
419,Enterobacteria phage phiEco32,NC_010324,417
420,Enterobacteria phage Min27,NC_010237,432
421,Enterobacteria phage EPS7,NC_010583,436
422,Enterobacteria phage BA14,NC_011040,452
423,Enterobacteria phage EcoDS1,NC_011042,453
424,Enterobacteria phage 13a,NC_011045,454
425,Stx2-converting phage 1717,NC_011357,495
426,Enterobacteria phage YYZ-2008,NC_011356,494
427,Enterobacteria phage JSE,NC_012740,526
428,Enterobacteria phage JS10,NC_012741,527
429,Enterobacteria phage WV8,NC_012749,529
430,Enterobacteria phage St-1,NC_012868,535
431,Escherichia phage D108,NC_013594,567
432,Enterobacteria phage IME08,NC_014260,608
433,Enterobacteria phage RB16,NC_014467,619
434,Enterobacteria phage CC31,NC_014662,644
435,Enterobacteria phage vB_EcoM-VR7,NC_014792,647
436,Enterobacteria phage 285P,NC_015249,676
437,Escherichia phage HK639,NC_016158,815
438,Escherichia phage HK75,NC_016160,816
439,Escherichia phage vB_EcoM_CBA120,NC_016570,841
440,Escherichia phage P13374,NC_018846,1021
441,Escherichia phage KBNP21,NC_018854,1028
442,Escherichia phage KBNP135,NC_018859,1032
443,Enterobacteria phage vB_EcoM_ACG-C40,NC_019399,1044
444,Enterobacteria phage vB_EcoP_ACG-C91,NC_019403,1048
445,Escherichia phage TL-2011c,NC_019442,1056
446,Escherichia phage TL-2011b,NC_019445,1057
447,Enterobacteria phage Bp7,NC_019500,1073
448,Enterobacteria phage IME10,NC_019501,1074
449,Enterobacteria phage ime09,NC_019503,1076
450,Escherichia phage wV7,NC_019505,1078
451,Enterobacteria phage NJ01,NC_018835,1012
452,Enterobacteria phage HX01,NC_018855,1029
453,Enterobacter phage IME11,NC_019423,1053
454,Enterobacteria phage vB_EcoM-FV3,NC_019517,1088
455,Escherichia coli bacteriophage rv5,NC_011041,458
456,Escherichia phage PhaxI,NC_019452,1064
457,Enterobacteria phage phiX174 sensu lato,NC_001422,20
458,Enterobacteria phage VT2-Sakai,NC_000902,43
459,Enterobacteria phage P1,NC_005856,188
460,Enterobacteria phage K1-5,NC_008152,326
461,Escherichia phage 2 JES-2013,NC_022323,1473
462,Enterobacteria phage AR1,AP011113,598
463,Enterobacteria phage CUS-3,CP000711,374
464,Enterobacteria phage ID21,DQ079870,248
465,Enterobacteria phage ID32,DQ079871,249
466,Enterobacteria phage NC35,DQ079872,250
467,Enterobacteria phage WA45,DQ079874,251
468,Enterobacteria phage NC28,DQ079875,252
469,Enterobacteria phage ID62,DQ079876,253
470,Enterobacteria phage ID52,DQ079877,254
471,Enterobacteria phage NC3,DQ079878,255
472,Enterobacteria phage NC29,DQ079879,256
473,Enterobacteria phage ID1,DQ079880,257
474,Enterobacteria phage ID22,DQ079881,258
475,Enterobacteria phage ID34,DQ079882,259
476,Enterobacteria phage ID45,DQ079883,260
477,Enterobacteria phage NC1,DQ079884,261
478,Enterobacteria phage NC5,DQ079885,262
479,Enterobacteria phage NC7,DQ079886,263
480,Enterobacteria phage NC11,DQ079887,264
481,Enterobacteria phage NC16,DQ079888,265
482,Enterobacteria phage NC37,DQ079889,266
483,Enterobacteria phage NC41,DQ079890,267
484,Enterobacteria phage NC51,DQ079891,268
485,Enterobacteria phage NC56,DQ079892,269
486,Enterobacteria phage WA4,DQ079893,270
487,Enterobacteria phage WA10,DQ079894,271
488,Enterobacteria phage WA11,DQ079895,272
489,Enterobacteria phage WA2,DQ079896,273
490,Enterobacteria phage WA3,DQ079897,274
491,Enterobacteria phage ID8,DQ079898,275
492,Enterobacteria phage WA5,DQ079899,276
493,Enterobacteria phage NC2,DQ079900,277
494,Enterobacteria phage NC13,DQ079901,278
495,Enterobacteria phage NC19,DQ079902,279
496,Enterobacteria phage ID41,DQ079903,280
497,Enterobacteria phage WA6,DQ079904,281
498,Enterobacteria phage ID12,DQ079905,282
499,Enterobacteria phage NC10,DQ079906,283
500,Enterobacteria phage NC6,DQ079907,521
501,Enterobacteria phage WA14,DQ079909,284
502,Enterobacteria phage DE3,EU078592,450
503,Enterobacteria phage BZ13,FJ483837,537
504,Enterobacteria phage 2851,FM180578,493
505,Enterobacteria phage phi92,FR775895,948
506,Escherichia phage K1-dep(4),GU196277,577
507,Escherichia phage K1-dep(1),GU196278,578
508,Escherichia phage K1-ind(1),GU196279,580
509,Escherichia phage K1-ind(2),GU196280,581
510,Escherichia phage K1-ind(3),GU196281,579
511,Escherichia phage vB_EcoM_ECO1230-10,GU903191,600
512,Enterobacteria phage T4T,HM137666,609
513,Stx2 converting phage vB_EcoP_24B,HM208303,621
514,Enterobacteria phage f1,JF719732,796
515,Escherichia phage JLK-2012,JQ347801,863
516,Escherichia phage ECML-4,JX128257,950
517,Escherichia phage ECML-117,JX128258,951
518,Escherichia phage ECML-134,JX128259,952
519,Enterobacteria phage T7M,JX421753,991
520,Escherichia phage EC6,JX560968,1001
521,Enterobacteria phage phi80,JX871397,1036
522,synthetic Enterobacteria phage phiX174.1f,JX913857,1042
523,Escherichia phage EC1-UPM,KC206276,1471
524,Enterobacteria phage ID204 Moscow/ID,KC237308,1163
525,Escherichia phage PBECO 4,KC295538,1165
526,Enterobacteria phage phiJLA23,KC333879,1167
527,Escherichia phage 1720a-02,KF030445,1390
528,Enterobacteria phage FL68 Tallahassee/FL/2012,KF044309,1439
529,Enterobacteria phage FL76 Tallahassee/FL/2012,KF044310,1440
530,Escherichia phage JH2,KF055347,1391
531,Escherichia phage vB_EcoP_PhAPEC7,KF562340,1720
532,Escherichia phage vB_EcoM_PhAPEC2,KF562341,1721
533,Escherichia phage bV_EcoS_AHP24,KF771236,1579
534,Escherichia phage bV_EcoS_AHP42,KF771237,1580
535,Escherichia phage bV_EcoS_AHS24,KF771238,1581
536,Escherichia phage bV_EcoS_AKS96,KF771239,1582
537,Escherichia Stx1-converting recombinant phage HUN/2013,KJ909655,1831
538,Enterobacteria phage MED1,KJ997912,1841
539,Enterobacteria phage vB_EcoS_ACG-M12,NC_019404,1049
540,Enterobacteria phage mEp237,NC_019704,1154
541,Enterobacteria phage mEpX2,NC_019705,1111
542,Enterobacteria phage mEp043 c-1,NC_019706,1112
543,Enterobacteria phage M,NC_019707,1113
544,Enterobacteria phage mEp235,NC_019708,1114
545,Enterobacteria phage mEpX1,NC_019709,1115
546,Enterobacteria phage HK140,NC_019710,1116
547,Enterobacteria phage HK629,NC_019711,1117
548,Enterobacteria phage HK446,NC_019714,1119
549,Enterobacterial phage mEp234,NC_019715,1120
550,Enterobacteria phage mEp460,NC_019716,1121
551,Enterobacteria phage HK225,NC_019717,1122
552,Enterobacteria phage vB_EcoS_Rogue1,NC_019718,1123
553,Enterobacteria phage HK633,NC_019719,1124
554,Enterobacterial phage mEp213,NC_019720,1125
555,Enterobacterial phage mEp390,NC_019721,1126
556,Enterobacteria phage HK630,NC_019723,1128
557,Enterobacteria phage HK578,NC_019724,1129
558,Enterobacteria phage HK544,NC_019767,1131
559,Enterobacteria phage HK106,NC_019768,1132
560,Enterobacteria phage HK542,NC_019769,1133
561,Escherichia phage phAPEC8,NC_020079,1184
562,Enterobacteria phage 4MG,NC_022968,1525
563,Escherichia phage phiEB49,NC_023743,1697
564,Escherichia phage rv5,DQ832317,334
565,Escherichia phage Av-05,KM190144,1840
566,Enterobacteria phage RB9,KM606998,1887
567,Enterobacteria phage RB6,KM606996,1885
568,Enterobacteria phage RB7,KM606997,1886
569,Enterobacteria phage RB5,KM606995,1884
570,Enterobacteria phage RB10,KM606999,1888
571,Enterobacteria phage RB59,KM607003,1892
572,Enterobacteria phage RB3,KM606994,1883
573,Enterobacteria phage RB33,KM607001,1890
574,Enterobacteria phage RB27,KM607000,1889
575,Enterobacteria phage RB55,KM607002,1891
576,Enterobacteria phage GEC-3S,HE978309,1847
577,Enterobacteria phage P88,KP063541,1918
578,Escherichia phage 121Q,KM507819,1879
579,Enterobacteria phage J8-65,KM247287,1863
580,Escherichia phage phi191,KF971864,1583
581,Enterobacteria phage VT2phi_272,HQ424691,648
582,Escherichia Stx1 converting bacteriophage,AP005153,158
583,Escherichia phage e11/2,KJ668714,1882
584,Escherichia phage ep3,KM360178,1870
585,Enterobacteria phage cdtI,AB285204,372
586,Enterobacteria phage EK99P-1,KM233151,1856
587,Escherichia phage phiKT,JN882298,854
588,Flavobacterium phage 11b,AJ842011,287
589,Flavobacterium phage 6H,NC_021867,1408
590,Geobacillus virus E2,DQ453159,332
591,Geobacillus phage GBK2,NC_023612,1642
592,Geobacillus phage GBSV1,DQ340064,354
593,Gordonia phage GRU1,JF923797,814
594,Gordonia phage GTE2,NC_015720,703
595,Gordonia phage GTE7,NC_016166,822
596,Gordonia phage GTE5,NC_016434,824
597,Streptococcus phage C1,AY212251,152
598,Haemophilus phage HP1,NC_001697,25
599,Haemophilus phage HP2,NC_003315,90
600,Haemophilus phage SuMu,NC_019455,1066
601,Halovirus HCTV-1,KC292029,1308
602,Halovirus HCTV-2,KC292028,1307
603,Halovirus HCTV-5,KC292027,1306
604,Halovirus PH1,KC252997,1177
605,Haloarcula hispanica pleomorphic virus 2,KF056323,1571
606,Haloarcula phage SH1,AY950802,219
607,Haloarcula hispanica pleomorphic virus 1,GU321093,592
608,Haloarcula hispanica icosahedral virus 2,JN968479,864
609,Halovirus HHTV-1,KC292025,1304
610,Halovirus HHTV-2,KC292024,1303
611,Halovirus HSTV-1,KC117378,1162
612,Halovirus HVTV-1,KC117377,1161
613,Halogeometricum pleomorphic virus 1,JN882267,868
614,Halovirus HGTV-1,KC292026,1305
615,Halorubrum phage HF2,AF222060,1960
616,Halovirus HSTV-2,KC117376,1160
617,Halovirus HRTV-7,KC292021,1300
618,Halovirus HRTV-8,KC292020,1299
619,Halorubrum phage CGphi46,HQ332141,1348
620,Halorubrum pleomorphic virus 1,FJ685651,520
621,Halovirus HRTV-4,KC292023,1302
622,Halovirus HRTV-5,KC292022,1301
623,Halorubrum pleomorphic virus 3,JN882265,866
624,Halorubrum pleomorphic virus 2,JN882264,865
625,Halorubrum pleomorphic virus 6,JN882266,867
626,Helicobacter phage phiHP33,NC_016568,837
627,Helicobacter phage 1961P,NC_019512,1084
628,Helicobacter phage KHP30 DNA,NC_019928,1147
629,Helicobacter phage KHP40 DNA,NC_019931,1149
630,Helicobacter phage KHP30,AB647160,964
631,Helicobacter phage KHP40,AB731695,965
632,Idiomarinaceae phage 1N2-2,KJ847052,1864
633,Idiomarinaceae phage Phi1M2-2,KM226324,1865
634,Iodobacteriophage phiPLPE,EU876853,467
635,Klebsiella phage phiKO2,NC_005857,190
636,Klebsiella phage KP32,NC_013647,571
637,Klebsiella phage KP34,NC_013649,602
638,Klebsiella phage KP15,NC_014036,603
639,Klebsiella phage KP36,NC_019781,1134
640,Klebsiella phage JD001,NC_020204,1180
641,Klebsiella phage KP27,NC_020080,1185
642,Klebsiella phage Kpn112,KJ021043,1710
643,Klebsiella phage K11,EU734173,449
644,Enterobacteria phage vB_KleM-RaK2,JQ513383,857
645,Lactobacillus phage phig1e,X98106,5
646,Lactobacillus phage phiAT3,NC_005893,201
647,Lactobacillus phage A2,NC_004112,108
648,Lactobacillus phage phiLdb,NC_022762,1573
649,Lactobacillus phage LL-H,NC_009554,382
650,Lactobacillus phage JCL1032,NC_019456,1067
651,Lactobacillus phage c5,NC_019449,1061
652,Lactobacillus phage Ld25A,KJ564036,1827
653,Lactobacillus phage Ld17,KJ564037,1828
654,Lactobacillus phage Ld3,KJ564038,1829
655,Lactobacillus phage LL-Ku,NC_022989,1544
656,Lactobacillus phage Ldl1,KM514685,1876
657,Lactobacillus phage phiPYB5,GU323708,576
658,Lactobacillus phage KC5a,NC_007924,320
659,Lactobacillus prophage phiadh,NC_000896,42
660,Lactobacillus phage phi jlb1,KF767351,1546
661,Lactobacillus phage phiadh,AJ131519,7
662,Lactobacillus phage Lv-1,NC_011801,508
663,Lactobacillus prophage Lj928,NC_005354,179
664,Lactobacillus prophage Lj965,NC_005355,178
665,Lactobacillus johnsonii prophage Lj771,NC_010179,427
666,Lactobacillus phage J-1,NC_022756,1508
667,Lactobacillus phage PL-1,NC_022757,1509
668,Lactobacillus phage LP65,NC_006565,211
669,Lactobacillus phage phiJL-1,NC_006936,216
670,Lactobacillus phage ATCC 8014-B1,NC_019916,1142
671,Lactobacillus phage ATCC 8014-B2,JX486088,1003
672,Lactobacillus phage Lc-Nu,NC_007501,293
673,Lactobacillus phage Lrm1,NC_011104,466
674,Lactobacillus phage LF1,HQ141410,652
675,Lactobacillus phage Sha1,HQ141411,653
676,Lactococcus phage bIL67,L33769,4
677,Lactococcus phage phi15,KM091442,1853
678,Lactococcus phage phi145,KM091444,1855
679,Lactococcus phage phi93,KM091443,1854
680,Lactoccocus phage WP-2,NC_024149,1761
681,Lactococcus phage phiL47,NC_023574,1615
682,Lactococcus phage P092,NC_024203,1766
683,Lactococcus phage P118,NC_024208,1767
684,Lactococcus phage P162,NC_024214,1769
685,Lactococcus phage P078,NC_024215,1770
686,Lactococcus phage c2,NC_001706,26
687,Lactococcus phage sk1,NC_001835,29
688,Lactococcus prophage bIL285,NC_002666,69
689,Lactococcus prophage bIL310,NC_002669,72
690,Lactococcus prophage bIL312,NC_002671,73
691,Lactococcus phage TP901-1,NC_002747,76
692,Lactococcus phage Tuc2009,NC_002703,74
693,Lactococcus prophage bIL311,NC_002670,68
694,Lactococcus phage r1t,NC_004302,118
695,Lactococcus phage 4268,NC_004746,150
696,Lactococcus phage ul36,NC_004066,106
697,Lactococcus prophage bIL309,NC_002668,71
698,Lactococcus phage phiLC3,NC_005822,184
699,Lactococcus prophage bIL286,NC_002667,70
700,Lactococcus phage BK5-T,NC_002796,77
701,Lactococcus phage Q54,NC_008364,337
702,Lactococcus phage 712,NC_008370,338
703,Lactococcus phage jj50,NC_008371,339
704,Lactococcus phage KSY1,NC_009817,394
705,Lactococcus phage asccphi28,NC_010363,422
706,Lactococcus phage 1706,NC_010576,435
707,Lactococcus phage bIBB29,NC_011046,451
708,Lactococcus phage P087,NC_012663,524
709,Lactococcus phage 949,NC_015263,684
710,Lactococcus phage BM13,NC_021861,1430
711,Lactococcus phage bIL170,NC_001909,34
712,Lactococcus phage P008,NC_008363,336
713,Lactococcus phage F7/2,AF432870,96
714,Lactococcus phage ul36.k1,DQ394806,310
715,Lactococcus phage ul36.k1t1,DQ394807,311
716,Lactococcus phage ul36.t1,DQ394808,312
717,Lactococcus phage ul36.t1k1,DQ394809,313
718,Lactococcus phage P335,DQ838728,333
719,Lactococcus phage SL4,FJ848881,547
720,Lactococcus phage CB13,FJ848882,548
721,Lactococcus phage CB14,FJ848883,549
722,Lactococcus phage CB19,FJ848884,550
723,Lactococcus phage CB20,FJ848885,551
724,Lactococcus phage 1358,GQ403788,595
725,Lactococcus lactis phage p2,GQ979703,594
726,Lactococcus Phage ASCC191,JQ740787,875
727,Lactococcus Phage ASCC273,JQ740788,876
728,Lactococcus Phage ASCC281,JQ740789,877
729,Lactococcus Phage ASCC284,JQ740790,878
730,Lactococcus Phage ASCC287,JQ740791,879
731,Lactococcus Phage ASCC310,JQ740792,880
732,Lactococcus Phage ASCC324,JQ740793,881
733,Lactococcus Phage ASCC337,JQ740794,882
734,Lactococcus Phage ASCC356,JQ740795,883
735,Lactococcus Phage ASCC358,JQ740796,884
736,Lactococcus Phage ASCC365,JQ740797,885
737,Lactococcus Phage ASCC368,JQ740798,886
738,Lactococcus Phage ASCC395,JQ740799,887
739,Lactococcus Phage ASCC397,JQ740800,888
740,Lactococcus Phage ASCC406,JQ740801,889
741,Lactococcus Phage ASCC454,JQ740802,890
742,Lactococcus Phage ASCC460,JQ740803,891
743,Lactococcus Phage ASCC465,JQ740804,872
744,Lactococcus Phage ASCC473,JQ740805,873
745,Lactococcus Phage ASCC476,JQ740806,892
746,Lactococcus Phage ASCC489,JQ740807,874
747,Lactococcus Phage ASCC497,JQ740808,893
748,Lactococcus Phage ASCC502,JQ740809,894
749,Lactococcus Phage ASCC506,JQ740810,895
750,Lactococcus Phage ASCC527,JQ740811,896
751,Lactococcus Phage ASCC531,JQ740812,897
752,Lactococcus Phage ASCC532,JQ740813,898
753,Lactococcus Phage ASCC544,JQ740814,899
754,Lactococcus phage Q33,JX564242,1205
755,Lactococcus lactis phage 645,KC182543,1253
756,Lactococcus lactis phage P113G,KC182548,1254
757,Lactococcus lactis phage p272,KC182549,1255
758,Lactococcus lactis phage P475,KC182550,1256
759,Lactococcus phage CaseusJM1,KC522412,1186
760,Lactococcus phage SK1833,KF676640,1559
761,Lactococcus phage bIL311,AF323672,66
762,Lactococcus phage bIL285,AF323668,62
763,Lactococcus phage bIL286,AF323669,63
764,Lactococcus phage bIL309,AF323670,64
765,Lactococcus phage bIL310,AF323671,65
766,Lactococcus phage bIL312,AF323673,67
767,Lelliottia phage phD2B,KM370384,1872
768,Cyanophage PP,KF598865,1496
769,Phormidium phage Pf-WMP3,EF537008,370
770,Leuconostoc phage phiLNTR3,NC_024378,1808
771,Leuconostoc phage phiLN25,NC_024386,1812
772,Leuconostoc phage phiLN34,NC_024388,1814
773,Leuconostoc phage phiLNTR2,NC_024389,1815
774,Leuconostoc phage Lmd1,NC_018273,971
775,Leuconostoc phage 1-A4,GQ451696,596
776,Leuconostoc phage P793,KC013021,1106
777,Leuconostoc phage phiLN03,KC013022,1107
778,Leuconostoc phage phiLN04,KC013023,1108
779,Leuconostoc phage phiLN12,KC013025,1110
780,Leuconostoc phage phiLN6B,KC013024,1109
781,Listeria phage P40,EU855793,481
782,Listeria phage LMSP-25,NC_024360,1791
783,Listeria phage List-36,NC_024364,1793
784,Listeria phage LP-048,NC_024359,1799
785,Listeria phage LP-026,NC_024375,1806
786,Listeria phage LP-083-2,NC_024383,1810
787,Listeria phage LP-030-3,NC_024384,1811
788,Listeria phage LP-101,NC_024387,1813
789,Listeria phage LP-114,NC_024392,1817
790,Bacteriophage PSA,NC_003291,145
791,Listeria phage A118,NC_003216,80
792,Listeria phage A500,NC_009810,397
793,Listeria phage B025,NC_009812,398
794,Listeria phage B054,NC_009813,399
795,Listeria phage P35,NC_009814,400
796,Listeria phage A006,NC_009815,401
797,Listeria phage A511,NC_009811,471
798,Listeria phage P100,DQ004855,245
799,Listeria phage LP-064,KJ094029,1601
800,Listeria phage LP-124,KJ094031,1914
801,Listeria phage LMTA-34,KJ586794,1774
802,Listeria phage LMTA-94,KJ586795,1775
803,Listeria phage LMTA-148,KJ591604,1776
804,Listeria phage LMTA-57,KJ591605,1777
805,Listeria phage vB_LmoM_AG20,NC_020871,1273
806,Listeria phage 2389,AJ312240,144
807,Listeria phage WIL-1,KM373208,1868
808,Listeria phage P70,JX442241,987
809,Listonella phage phiHSIC,AY772740,213
810,Loktanella phage pCB2051-A,HQ632859,1236
811,Mannheimia phage phiMHaA1,NC_008201,327
812,Mannheimia phage vB_MhM_1152AP,NC_021778,1399
813,Mannheimia phage phiMhaA1-BAA410,DQ426905,318
814,Marinomonas phage P12026,JQ867100,934
815,Mesorhizobium phagevB_MloP_Lo5R7ANS,KM199771,1852
816,Methanobacterium phage psiM2,AF065411,6
817,Staphylococcus phage YMC/09/04/R1988,KF598856,1499
818,Microbacterium phage Min1,EF579802,383
819,Microbacterium phage vB_MoxS-ISF9,NC_023859,1716
820,Microcystis phage Ma-LMM01,NC_008562,341
821,Microcystis phage MaMV-DC,KF356199,1392
822,Morganella phage MmP1,NC_011085,1931
823,Mycobacterium phage Adler,NC_023591,1625
824,Mycobacterium phage ADLER F1725,KF981876,1915
825,Mycobacterium phage TM4,NC_003387,93
826,Mycobacterium phage vB_MapS_FF47,NC_021063,1282
827,Mycobacterium phage Hamulus,NC_022056,1448
828,Mycobacterium phage Trouble,NC_022062,1454
829,Mycobacterium phage Whirlwind,NC_022052,1444
830,Mycobacterium phage Sarfire,NC_022324,1474
831,Mycobacterium phage Reprobate,NC_022064,1456
832,Mycobacterium phage Muddy,NC_022054,1446
833,Mycobacterium phage KayaCho,NC_022061,1453
834,Mycobacterium phage Dylan,NC_022325,1475
835,Mycobacterium phage Crossroads,NC_022071,1463
836,Mycobacterium phage 20ES,NC_023597,1628
837,Mycobacterium phage Jolie2,NC_023604,1638
838,Mycobacterium phage CRB1,NC_023606,1630
839,Mycobacterium phage Bxb1,NC_002656,61
840,Mycobacterium phage Tweety,EF536069,373
841,Mycobacterium phage BPs,NC_010762,437
842,Mycobacterium phage Adjutor,NC_010763,438
843,Mycobacterium phage Nigel,NC_011044,456
844,Mycobacterium phage Predator,NC_011039,457
845,Mycobacterium phage Phlyer,NC_012027,514
846,Mycobacterium phage SWU1,NC_017973,919
847,Mycobacterium phage Giles,NC_009993,819
848,Mycobacterium phage First,NC_020876,1275
849,Mycobacterium phage BTCU-1,NC_021533,1360
850,Mycobacterium phage WIVsmall,NC_021334,1337
851,Mycobacterium phage Ms6,AF319619,58
852,Mycobacterium phage Colbert,GQ303259,541
853,Mycobacterium phage Hope,GQ303261,542
854,Mycobacterium phage LRRHood,GQ303262,543
855,Mycobacterium phage Puhltonio,GQ303264,544
856,Mycobacterium phage Pumpkin,GQ303265,545
857,Mycobacterium phage UncleHowie,GQ303266,546
858,Mycobacterium phage Fang,GU247133,589
859,Mycobacterium phage Scoot17C,GU247134,590
860,Mycobacterium phage RedRock,GU339467,593
861,Mycobacterium phage island3,HM152765,614
862,Mycobacterium phage Eagle,HM152766,615
863,Mycobacterium phage Wonder,HM755814,658
864,Mycobacterium phage ABU,JF704091,724
865,Mycobacterium phage Alice,JF704092,725
866,Mycobacterium phage Backyardigan,JF704093,726
867,Mycobacterium phage ChrisnMich,JF704094,727
868,Mycobacterium phage Daisy,JF704095,728
869,Mycobacterium phage Ghost,JF704096,729
870,Mycobacterium phage Gladiator,JF704097,730
871,Mycobacterium phage JHC117,JF704098,731
872,Mycobacterium phage KLucky39,JF704099,732
873,Mycobacterium phage Marvin,JF704100,733
874,Mycobacterium phage Microwolf,JF704101,734
875,Mycobacterium phage Phipps,JF704102,735
876,Mycobacterium phage Vortex,JF704103,736
877,Mycobacterium phage Zemanar,JF704104,737
878,Mycobacterium phage Adephagia,JF704105,738
879,Mycobacterium phage Anaya,JF704106,750
880,Mycobacterium phage George,JF704107,771
881,Mycobacterium phage JoeDirt,JF704108,742
882,Mycobacterium phage Oosterbaan,JF704109,743
883,Mycobacterium phage PackMan,JF704110,744
884,Mycobacterium phage Rockstar,JF704111,745
885,Mycobacterium phage Send513,JF704112,746
886,Mycobacterium phage UPIE,JF704113,747
887,Mycobacterium phage Vix,JF704114,748
888,Mycobacterium phage Yoshi,JF704115,749
889,Mycobacterium phage Drazdys,JF704116,741
890,Mycobacterium phage RockyHorror,JF704117,740
891,Mycobacterium phage Shaka,JF792674,699
892,Mycobacterium phage Baka,JF937090,751
893,Mycobacterium phage Bask21,JF937091,1950
894,Mycobacterium phage DaVinci,JF937092,752
895,Mycobacterium phage DLane,JF937093,753
896,Mycobacterium phage Hammer,JF937094,754
897,Mycobacterium phage Harvey,JF937095,755
898,Mycobacterium phage Henry,JF937096,756
899,Mycobacterium phage Hertubise,JF937097,757
900,Mycobacterium phage Ibhubesi,JF937098,758
901,Mycobacterium phage JC27,JF937099,759
902,Mycobacterium phage Lesedi,JF937100,760
903,Mycobacterium phage LittleE,JF937101,761
904,Mycobacterium phage Mozy,JF937102,762
905,Mycobacterium phage Museum,JF937103,763
906,Mycobacterium phage Pixie,JF937104,764
907,Mycobacterium phage Rey,JF937105,765
908,Mycobacterium phage SirDuracell,JF937106,766
909,Mycobacterium phage SirHarley,JF937107,767
910,Mycobacterium phage Switzer,JF937108,768
911,Mycobacterium phage Yoshand,JF937109,769
912,Mycobacterium phage KSSJEB,JF937110,770
913,Mycobacterium phage Thora,JF957056,708
914,Mycobacterium phage BPBiebs31,JF957057,709
915,Mycobacterium phage HelDan,JF957058,710
916,Mycobacterium phage Optimus,JF957059,711
917,Mycobacterium phage Timshel,JF957060,712
918,Mycobacterium phage Toto,JN006061,713
919,Mycobacterium phage Rakim,JN006062,714
920,Mycobacterium phage Serendipity,JN006063,715
921,Mycobacterium phage OSmaximus,JN006064,716
922,Mycobacterium phage MrGordo,JN020140,717
923,Mycobacterium phage Shauna1,JN020141,1951
924,Mycobacterium phage Mutaforma13,JN020142,718
925,Mycobacterium phage ShiLan,JN020143,719
926,Mycobacterium phage EricB,JN049605,720
927,Mycobacterium phage Benedict,JN083852,721
928,Mycobacterium phage Airmid,JN083853,722
929,Mycobacterium phage JAWS,JN185608,723
930,Mycobacterium phage Sebata,JN204348,739
931,Mycobacterium phage MeeZee,JN243856,774
932,Mycobacterium phage Elph10,JN391441,775
933,Mycobacterium phage Cuco,JN408459,773
934,Mycobacterium phage Eureka,JN412590,777
935,Mycobacterium phage TiroTheta9,JN561150,779
936,Mycobacterium phage Jebeks,JN572061,785
937,Mycobacterium phage Fezzik,JN600672,849
938,Mycobacterium phage Arbiter,JN618996,787
939,Mycobacterium phage Murdoc,JN638752,792
940,Mycobacterium phage Morgushi,JN638753,793
941,Mycobacterium phage IsaacEli,JN698990,802
942,Mycobacterium phage Hedgerow,JN698991,803
943,Mycobacterium phage Avrafan,JN699002,804
944,Mycobacterium phage Athena,JN699003,805
945,Mycobacterium phage Ares,JN699004,806
946,Mycobacterium phage ThreeOh3D2,JN699009,807
947,Mycobacterium phage TallGRassMM,JN699010,808
948,Mycobacterium phage Pio,JN699013,809
949,Mycobacterium phage Nova,JN699014,810
950,Mycobacterium phage Kikipoo,JN699017,811
951,Mycobacterium phage Kamiyu,JN699018,812
952,Mycobacterium phage Jeffabunny,JN699019,813
953,Mycobacterium phage Wally,JN699625,799
954,Mycobacterium phage Bongo,JN699628,1958
955,Mycobacterium phage Fionnbharth,JN831653,800
956,Mycobacterium phage Saintus,JN831654,801
957,Mycobacterium phage DotProduct,JN859129,798
958,Mycobacterium phage Spartacus,JQ300538,859
959,Mycobacterium phage Twister,JQ512844,901
960,Mycobacterium phage Tiger,JQ684677,902
961,Mycobacterium phage Nepal,JQ698665,927
962,Mycobacterium phage Flux,JQ809701,930
963,Mycobacterium phage ICleared,JQ896627,928
964,Mycobacterium phage Ava3,JQ911768,929
965,Mycobacterium phage Astro,JX015524,935
966,Mycobacteriophage ElTiger69,JX042578,943
967,Mycobacteriophage MacnCheese,JX042579,944
968,Mycobacterium phage Taj,JX121091,949
969,Mycobacterium phage Arturo,JX307702,996
970,Mycobacterium phage Sabertooth,JX307703,997
971,Mycobacterium phage Goose,JX307704,998
972,Mycobacterium phage Marcell,JX307705,999
973,Mycobacterium phage Rebeuca,JX411619,992
974,Mycobacterium phage Dorothy,JX411620,993
975,Mycobacterium phage Serpentine,JX649096,1156
976,Mycobacterium phage Piglet,JX649097,1952
977,Mycobacterium phage Nacho,JX649098,1157
978,Mycobacterium phage Gyarad,JX649099,1158
979,Mycobacterium phage Alex,JX649100,1159
980,Mycobacterium phage ShiVal,KC576784,1261
981,Mycobacterium phage Dhanush,KC661271,1295
982,Mycobacterium phage Methuselah,KC661272,1296
983,Mycobacterium phage Winky,KC661276,1297
984,Mycobacterium phage Breeniome,KF006817,1491
985,Mycobacterium phage Odin,KF017927,1382
986,Mycobacterium phage TA17A,KF024722,1437
987,Mycobacterium phage Medusa,KF024733,1443
988,Mycobacterium phage Shrimp,KF024734,1492
989,Mycobacterium phage ABCat,KF188414,1395
990,Mycobacterium phage Mosby,KF493883,1521
991,Mycobacterium phage Melvin,KF841476,1576
992,Mycobacterium phage Soto,KJ174157,1585
993,Mycobacterium phage Swish,KJ194579,1719
994,Mycobacterium phage Badfish,KJ194580,1711
995,Mycobacterium phage Audrey,KJ194581,1712
996,Mycobacterium phage Numberten,KJ194583,1713
997,Mycobacterium phage Heathcliff,KJ194584,1714
998,Mycobacterium phage 40BC,KJ433975,1584
999,Mycobacterium phage HH92,KJ538722,1739
1000,Mycobacterium phage KingVeveve,KJ538723,1740
1001,Mycobacterium phage Zapner,KJ567041,1744
1002,Mycobacterium phage Gaia,KJ567043,1786
1003,Mycobacterium phage EmpTee,KJ567044,1787
1004,Mycobacterium phage Emerson,KJ567045,1788
1005,Mycobacterium phage Willis,KJ595575,1779
1006,Mycobacterium phage YungJamal,KJ829260,1844
1007,Mycobacterium phage Cheetobro,KJ944841,1838
1008,Mycobacterium phage Inventum,KM066034,1849
1009,Mycobacterium phage Sparky,KM083128,1843
1010,Mycobacterium phage Piro94,KM197169,1850
1011,Mycobacterium phage Cerasum,KM215148,1848
1012,Mycobacterium phage L5,NC_001335,13
1013,Mycobacterium phage U2,NC_009877,403
1014,Mycobacterium phage Bethlehem,NC_009878,404
1015,Mycobacterium phage KBG,NC_011019,446
1016,Mycobacterium phage Jasper,NC_011020,445
1017,Mycobacterium phage Lockley,NC_011021,447
1018,Mycobacterium phage DD5,NC_011022,444
1019,Mycobacterium phage Pukovnik,NC_011023,448
1020,Mycobacterium phage Boomer,NC_011054,460
1021,Mycobacterium phage Porky,NC_011055,463
1022,Mycobacterium phage Kostya,NC_011056,461
1023,Mycobacterium phage Phaedrus,NC_011057,462
1024,Mycobacterium phage Solon,NC_011267,479
1025,Mycobacterium phage ScottMcG,NC_011269,1955
1026,Mycobacterium phage Spud,NC_011270,478
1027,Mycobacterium phage Cali,NC_011271,480
1028,Mycobacterium phage Rizal,NC_011272,477
1029,Mycobacterium phage Myrna,NC_011273,476
1030,Mycobacterium phage Chah,NC_011284,490
1031,Mycobacterium phage Troll4,NC_011285,485
1032,Mycobacterium phage Butterscotch,NC_011286,483
1033,Mycobacterium phage Pacc40,NC_011287,488
1034,Mycobacterium phage Fruitloop,NC_011288,486
1035,Mycobacterium phage Ramsey,NC_011289,489
1036,Mycobacterium phage Gumball,NC_011290,484
1037,Mycobacterium phage Brujita,NC_011291,482
1038,Mycobacterium phage Konstantine,NC_011292,487
1039,Mycobacterium phage Angel,NC_012788,534
1040,Mycobacterium phage ET08,NC_013650,569
1041,Mycobacterium phage Peaches,NC_013694,582
1042,Mycobacterium phage Ardmore,NC_013936,597
1043,Mycobacterium phage Angelica,NC_014458,616
1044,Mycobacterium phage CrimD,NC_014459,1953
1045,Mycobacterium phage LeBron,NC_014461,617
1046,Mycobacterium phage Wee,NC_014901,650
1047,Mycobacterium phage Faith1,NC_015584,705
1048,Mycobacterium phage Butters,NC_021061,1280
1049,Mycobacterium phage Breezona,NC_021296,1312
1050,Mycobacterium phage PattyP,NC_021297,1313
1051,Mycobacterium phage PegLeg,NC_021299,1315
1052,Mycobacterium phage SiSi,NC_021301,1317
1053,Mycobacterium phage Fishburne,NC_021302,1318
1054,Mycobacterium phage SDcharge11,NC_021303,1319
1055,Mycobacterium phage Murphy,NC_021305,1321
1056,Mycobacterium phage Dumbo,NC_021306,1954
1057,Mycobacterium phage Severus,NC_021307,1322
1058,Mycobacterium phage HINdeR,NC_021308,1323
1059,Mycobacterium phage Phrux,NC_021309,1324
1060,Mycobacterium phage Newman,NC_021310,1325
1061,Mycobacterium phage Phaux,NC_021311,1326
1062,Mycobacterium phage CASbig,NC_021324,1332
1063,Mycobacterium phage Gizmo,NC_021346,1342
1064,Mycobacterium phage ArcherS7,NC_021348,1344
1065,Mycobacterium phage Astraea,NC_021349,1345
1066,Mycobacterium phage Jobu08,NC_021535,1361
1067,Mycobacterium phage Job42,NC_021538,1362
1068,Mycobacterium phage Papyrus,NC_022053,1445
1069,Mycobacterium phage Bobi,NC_022055,1447
1070,Mycobacterium phage Catdawg,NC_022057,1449
1071,Mycobacterium phage Adzzy,NC_022058,1450
1072,Mycobacterium phage DrDrey,NC_022059,1451
1073,Mycobacterium phage Velveteen,NC_022060,1452
1074,Mycobacterium phage Phelemich,NC_022063,1455
1075,Mycobacterium phage Contagion,NC_022065,1457
1076,Mycobacterium phage Redno2,NC_022066,1458
1077,Mycobacterium phage Wanda,NC_022067,1459
1078,Mycobacterium phage Daenerys,NC_022068,1460
1079,Mycobacterium phage Jabbawokkie,NC_022069,1461
1080,Mycobacterium phage Wheeler,NC_022070,1462
1081,Mycobacterium phage Goku,NC_022085,1464
1082,Mycobacterium phage LittleCherry,NC_022086,1465
1083,Mycobacterium phage AnnaL29,NC_022087,1466
1084,Mycobacterium phage SargentShorty9,NC_022326,1476
1085,Mycobacterium phage Bane2,NC_022327,1477
1086,Mycobacterium phage Adawi,NC_022328,1478
1087,Mycobacterium phage PhrostyMug,NC_022329,1479
1088,Mycobacterium phage Quink,NC_022330,1480
1089,Mycobacterium phage Bane1,NC_022331,1947
1090,Mycobacterium phage Fredward,NC_022753,1506
1091,Mycobacterium phage CloudWang3,NC_022965,1522
1092,Mycobacterium phage PhatBacter,NC_022969,1526
1093,Mycobacterium phage Conspiracy,NC_022973,1529
1094,Mycobacterium phage HanShotFirst,NC_022975,1531
1095,Mycobacterium phage Nala,NC_022976,1532
1096,Mycobacterium phage Artemis2UCLA,NC_022977,1533
1097,Mycobacterium phage Graduation,NC_022979,1534
1098,Mycobacterium phage HufflyPuff,NC_022981,1535
1099,Mycobacterium phage Bernardo,NC_022983,1537
1100,Mycobacterium phage Jovo,NC_022984,1538
1101,Mycobacterium phage Zaka,NC_022985,1539
1102,Mycobacterium phage Bruin,NC_022988,1542
1103,Mycobacterium phage Validus,NC_023498,1587
1104,Mycobacterium phage Donovan,NC_023552,1633
1105,Mycobacterium phage Echild,NC_023553,1634
1106,Mycobacterium phage JAMaL,NC_023554,1602
1107,Mycobacterium phage BellusTerra,NC_023562,1607
1108,Mycobacterium phage Suffolk,NC_023563,1608
1109,Mycobacterium phage EagleEye,NC_023564,1609
1110,Mycobacterium phage Nyxis,NC_023565,1610
1111,Mycobacterium phage MichelleMyBell,NC_023572,1614
1112,Mycobacterium phage Obama12,NC_023577,1616
1113,Mycobacterium phage Oaker,NC_023578,1617
1114,Mycobacterium phage Saal,NC_023580,1619
1115,Mycobacterium phage Jolie1,NC_023600,1635
1116,Mycobacterium phage 32HC,NC_023602,1636
1117,Mycobacterium phage 39HC,NC_023603,1637
1118,Mycobacterium phage 40AC,NC_023607,1640
1119,Mycobacterium phage RhynO,NC_023609,1641
1120,Mycobacterium phage Gadjet,NC_023686,1645
1121,Mycobacterium phage Bruns,NC_023687,1646
1122,Mycobacterium phage Lilac,NC_023689,1648
1123,Mycobacterium phage Courthouse,NC_023690,1649
1124,Mycobacterium phage Patience,NC_023691,1650
1125,Mycobacterium phage BigNuz,NC_023692,1651
1126,Mycobacterium phage Violet,NC_023695,1653
1127,Mycobacterium phage Dandelion,NC_023696,1654
1128,Mycobacterium phage Babsiella,NC_023697,1655
1129,Mycobacterium phage Avani,NC_023698,1656
1130,Mycobacterium phage SG4,NC_023699,1657
1131,Mycobacterium phage Acadian,NC_023701,1659
1132,Mycobacterium phage Kugel,NC_023702,1660
1133,Mycobacterium phage Dori,NC_023703,1661
1134,Mycobacterium phage Doom,NC_023704,1662
1135,Mycobacterium phage Liefie,NC_023705,1663
1136,Mycobacterium phage Turbido,NC_023707,1665
1137,Mycobacterium phage Dreamboat,NC_023708,1666
1138,Mycobacterium phage Wile,NC_023709,1667
1139,Mycobacterium phage RidgeCB,NC_023710,1668
1140,Mycobacterium phage Oline,NC_023711,1669
1141,Mycobacterium phage Firecracker,NC_023712,1670
1142,Mycobacterium phage Blue7,NC_023713,1671
1143,Mycobacterium phage LinStu,NC_023714,1672
1144,Mycobacterium phage Alma,NC_023716,1674
1145,Mycobacterium phage Perseus,NC_023720,1677
1146,Mycobacterium phage Drago,NC_023721,1678
1147,Mycobacterium phage Aeneas,NC_023723,1680
1148,Mycobacterium phage Larva,NC_023724,1681
1149,Mycobacterium phage Nappy,NC_023725,1682
1150,Mycobacterium phage Euphoria,NC_023726,1683
1151,Mycobacterium phage Vista,NC_023727,1684
1152,Mycobacterium phage DeadP,NC_023728,1685
1153,Mycobacterium phage Charlie,NC_023729,1686
1154,Mycobacterium phage Redi,NC_023730,1687
1155,Mycobacterium phage Trixie,NC_023731,1688
1156,Mycobacterium phage Rumpelstiltskin,NC_023732,1689
1157,Mycobacterium phage MoMoMixon,NC_023733,1690
1158,Mycobacterium phage Pleione,NC_023737,1693
1159,Mycobacterium phage Thibault,NC_023738,1694
1160,Mycobacterium phage BillKnuckles,NC_023739,1695
1161,Mycobacterium phage JacAttac,NC_023740,1696
1162,Mycobacterium phage Stinger,NC_023741,1727
1163,Mycobacterium phage Akoma,NC_023742,1728
1164,Mycobacterium phage LHTSCC,NC_023745,1730
1165,Mycobacterium phage GUmbie,NC_023746,1731
1166,Mycobacterium phage BarrelRoll,NC_023747,1732
1167,Mycobacterium phage SkiPole,NC_023748,1733
1168,Mycobacterium phage Alsfro,NC_023862,1717
1169,Mycobacterium phage Bernal13,NC_024135,1749
1170,Mycobacterium phage Seabiscuit,NC_024136,1750
1171,Mycobacterium phage MosMoris,NC_024138,1752
1172,Mycobacterium phage Kampy,NC_024141,1755
1173,Mycobacterium phage Lamina13,NC_024143,1756
1174,Mycobacterium phage Hosp,NC_024145,1757
1175,Mycobacterium phage ZoeJ,NC_024147,1759
1176,Mycobacterium phage Phantastic,NC_024148,1760
1177,Mycobacterium phage Hawkeye,NC_024209,1768
1178,Mycobacterium phage Manad,NC_024363,1801
1179,Mycobacterium phage OkiRoe,NC_024366,1802
1180,Mycobacterium phage Pinto,NC_024368,1804
1181,Mycobacterium phage Damien,NC_024371,1805
1182,Mycobacterium phage Malithi,KP027200,1924
1183,Mycobacterium phage Minerva,KM101123,1859
1184,Mycobacterium phage Trike,KM101120,1857
1185,Mycobacterium phage BuzzLyseyear,KM347889,1869
1186,Mycobacterium phage Estave1,KM279937,1862
1187,Mycobacterium phage Alvin,KP027205,1922
1188,Mycobacterium phage Keshu,KP027199,1921
1189,Mycobacterium phage Milly,KP027206,1920
1190,Mycobacterium phage Sbash,KP027201,1919
1191,Mycobacteriophage Velveteen,KF017004,1441
1192,Mycobacteriophage Daenerys,KF017005,1442
1193,Mycobacterium phage Guo1,KJ725374,1781
1194,Mycobacterium phage D29,NC_001900,1962
1195,Mycobacterium phage Leo,NC_021556,1376
1196,Mycobacterium phage Chy4,NC_021338,1339
1197,Mycobacterium phage Chy5,NC_021318,1330
1198,Mycobacterium phage DNAIII,NC_021859,1429
1199,Mycobacterium phage Bo4,KC787107,1290
1200,Mycobacterium phage DS6A,NC_023744,1729
1201,Mycobacterium phage Hades,KM101122,1858
1202,Mycobacterium phage Squirty,KM101124,1866
1203,Mycoplasma phage MAV1,NC_001942,35
1204,Mycoplasma phage phiMFV1,NC_005964,1936
1205,Mycoplasma phage P1,NC_002515,56
1206,Myxococcus phage Mx8,NC_003085,78
1207,Halovirus VNH-1,KF771641,1819
1208,Nitrincola phage 1M3-16,KJ534580,1735
1209,Nocardia phage NBR1,NC_016569,842
1210,Oenococcus phage phiS13,NC_023560,1592
1211,Oenococcus phage phiS11,NC_023571,1594
1212,Leuconostoc phage L5,L06183,3
1213,Paenibacillus phage PG1,HQ332138,1347
1214,Paenibacillus phage Jimmer2,KC595514,1384
1215,Paenibacillus phage Jimmer1,KC595515,1385
1216,Paenibacillus phage Emery,KC595516,1386
1217,Paenibacillus phage Abouo,KC595517,1387
1218,Paenibacillus phage phiIBB_Pl23,NC_021865,1433
1219,Paenibacillus phage Davies,NC_022980,1726
1220,Pantoea phage LIMEzero,NC_015585,706
1221,Pantoea phage LIMElight,NC_019454,1065
1222,Paracoccus phage vB_PmaS_IMEP1,KP162168,1923
1223,Pasteurella phage F108,NC_008193,329
1224,Salmonella phage SPN1S,JN391180,831
1225,Pectobacterium phage phiTE,NC_020201,1179
1226,Pectobacterium phage PM1,NC_023865,1718
1227,Pectobacterium phage ZF40,NC_019522,1090
1228,Persicivirga phage P12024S,JQ823122,932
1229,Persicivirga phage P12024L,JQ823123,933
1230,Planktothrix phage PaV-LD,NC_016564,832
1231,Cyanophage PSS2,NC_013021,538
1232,Prochlorococcus phage P-SSP6,HQ634152,1204
1233,Prochlorococcus phage P-HM1,GU071101,630
1234,Prochlorococcus phage P-HM2,GU075905,635
1235,Prochlorococcus phage P-SSM7,GU071103,631
1236,Prochlorococcus phage P-SSP10,NC_020835,1262
1237,Prochlorococcus phage MED4-213,NC_020845,1263
1238,Prochlorococcus phage MED4-184,NC_020847,1264
1239,Cyanophage MED4-117,NC_020857,1267
1240,Cyanophage SS120-1,NC_020872,1270
1241,Prochlorococcus phage P-SSP3,NC_020874,1271
1242,Prochlorococcus phage P-GSP1,NC_020878,1272
1243,Prochlorococcus phage P-SSM3,NC_021559,1364
1244,Prochlorococcus phage P-SSM5,HQ632825,1327
1245,Cyanophage MED4-184,JF974286,1234
1246,Cyanophage MED4-213,HQ634174,1230
1247,Cyanophage P-RSM1,HQ634175,1231
1248,Cyanophage P-RSM3,HQ634176,1232
1249,Cyanophage P-RSM6,HQ634193,1244
1250,Prochlorococcus phage P-RSM4,GU071099,629
1251,Cyanophage 9515-10a,GU071100,636
1252,Prochlorococcus phage P-SSM2,AY939844,611
1253,Cyanophage NATL1A-7,GU071102,637
1254,Prochlorococcus phage P-SSM4,AY940168,612
1255,Cyanophage NATL2A-133,GU071104,638
1256,Propionibacterium phage PA6,NC_009541,377
1257,Propionibacterium phage P9.1,NC_018834,1011
1258,Propionibacterium phage P100_A,NC_018838,1014
1259,Propionibacterium phage P14.4,NC_018839,1015
1260,Propionibacterium phage P100_1,NC_018840,1016
1261,Propionibacterium phage P101A,NC_018841,1017
1262,Propionibacterium phage P1.1,NC_018842,1018
1263,Propionibacterium phage P104A,NC_018845,1020
1264,Propionibacterium phage ATCC29399B_T,NC_018847,1022
1265,Propionibacterium phage P105,NC_018849,1024
1266,Propionibacterium phage P100D,NC_018852,1026
1267,Propionibacterium phage ATCC29399B_C,NC_018851,1025
1268,Propionibacterium phage PHL112N00,NC_022334,1481
1269,Propionibacterium phage PHL067M10,NC_022335,1482
1270,Propionibacterium phage PHL010M04,NC_022336,1483
1271,Propionibacterium phage PHL071N05,NC_022337,1484
1272,Propionibacterium phage PHL060L00,NC_022338,1485
1273,Propionibacterium phage PHL037M02,NC_022339,1486
1274,Propionibacterium phage PHL114L00,NC_022340,1487
1275,Propionibacterium phage PHL113M01,NC_022341,1488
1276,Propionibacterium phage PHL111M01,NC_022342,1489
1277,Propionibacterium phage PHL073M02,JX570703,1257
1278,Propionibacterium phage PHL085M01,JX570707,1258
1279,Propionibacterium phage PHL115M02,JX570708,1259
1280,Propionibacterium phage PHL066M04,JX570711,1260
1281,Propionibacterium phage B5,NC_003460,99
1282,Providencia phage Redjac,NC_018832,1010
1283,Pseudoalteromonas phage RIO-1,NC_021300,1316
1284,Pseudoalteromonas phage TW1,KC542353,1383
1285,Pseudoalteromonas phage pYD6-A,JF974296,1247
1286,Pseudoalteromonas phage H105/1,HM588722,618
1287,Pseudomonas phage MPK7,NC_022091,1468
1288,Pseudomonas phage MPK6,NC_022746,1501
1289,Pseudomonas phage PAK_P5,NC_022966,1523
1290,Pseudomonas phage PAK_P2,NC_022967,1524
1291,Pseudomonas phage PAK_P3,NC_022970,1527
1292,Pseudomonas phage CHA_P1,NC_022974,1530
1293,Pseudomonas phage PAK_P4,NC_022986,1540
1294,Pseudomonas phage PAK_P1,NC_015294,1543
1295,Pseudomonas phage TL,NC_023583,1598
1296,Pseudomonas phage PaBG,NC_022096,1470
1297,Pseudomonas phage PA1/KOR/2010,NC_023700,1658
1298,Pseudomonas phage SPM-1,NC_023596,1627
1299,Pseudomonas phage vB_PaeP_Tr60_Ab31,NC_023575,1596
1300,Pseudomonas phage KPP25 DNA,NC_024123,1746
1301,Pseudomonas phage vB_PaeP_C2-10_Ab09,NC_024140,1754
1302,Pseudomonas phage JD024,NC_024330,1789
1303,Pseudomonas phage vB_PaeS_SCH_Ab26,NC_024381,1807
1304,Pseudomonas phage MP42,NC_018274,972
1305,Pseudomonas phage MP1412,NC_018282,977
1306,Pseudomonas phage Pf3,NC_001418,19
1307,Pseudomonas phage phiKZ,NC_004629,138
1308,Pseudomonas phage PaP3,NC_004466,175
1309,Pseudomonas phage PaP2,NC_005884,199
1310,Pseudomonas phage phiCTX,NC_003278,82
1311,Pseudomonas phage D3,NC_002484,1932
1312,Pseudomonas phage B3,NC_006548,209
1313,Pseudomonas phage Pf1,NC_001331,11
1314,Pseudomonas phage PP7,NC_001628,24
1315,Pseudomonas phage F116,NC_006552,210
1316,Pseudomonas phage phiKMV,NC_005045,162
1317,Pseudomonas phage EL,NC_007623,296
1318,Pseudomonas phage F10,NC_007805,304
1319,Pseudomonas phage 73,NC_007806,305
1320,Pseudomonas phage 119X,NC_007807,306
1321,Pseudomonas phage PA11,NC_007808,307
1322,Pseudomonas phage M6,NC_007809,308
1323,Pseudomonas phage F8,NC_007810,309
1324,Pseudomonas phage vB_Pae-TbilisiM32,NC_017865,911
1325,Pseudomonas phage vB_Pae-Kakheti25,NC_017864,916
1326,Pseudomonas phage LKD16,NC_009935,408
1327,Enterobacteria phage LKA1,NC_009936,409
1328,Pseudomonas phage YuA,NC_010116,415
1329,Pseudomonas phage LUZ24,NC_010325,418
1330,Pseudomonas phage LUZ19,NC_010326,419
1331,Pseudomonas phage PT5,NC_011105,464
1332,Pseudomonas phage PT2,NC_011107,465
1333,Pseudomonas phage LBL3,NC_011165,468
1334,Pseudomonas phage LMA2,NC_011166,469
1335,Pseudomonas phage PAJU2,NC_011373,496
1336,Pseudomonas phage MP38,NC_011611,504
1337,Pseudomonas phage MP29,NC_011613,505
1338,Pseudomonas phage SN,NC_011756,506
1339,Pseudomonas phage PB1,NC_011810,507
1340,Pseudomonas phage phikF77,NC_012418,518
1341,Pseudomonas phage LIT1,NC_013692,585
1342,Pseudomonas phage LUZ7,NC_013691,588
1343,Pseudomonas phage phi297,NC_016762,850
1344,Pseudomonas phage vB_PaeS_PMG1,NC_016765,851
1345,Pseudomonas phage JG024,NC_017674,1055
1346,Pseudomonas phage NH-4,NC_019451,1063
1347,Pseudomonas phage D3112,NC_005178,168
1348,Pseudomonas phage DMS3,NC_008717,349
1349,Pseudomonas phage MP22,NC_009818,406
1350,Pseudomonas phage vB_PaeP_p2-10_Or1,NC_019813,1135
1351,Pseudomonas phage KPP12 DNA,NC_019935,1152
1352,Pseudomonas phage JG004,NC_019450,1062
1353,Pseudomonas phage vB_PaeM_C2-10_Ab1,NC_019918,1144
1354,Pseudomonas phage PaP1,NC_019913,1139
1355,Pseudomonas phage KPP23,AB910392,1644
1356,Pseudomonas phage vB_PaeP_C1-14_Or,HE983844,1040
1357,Pseudomonas phage PhiPA3,HQ630627,700
1358,Pseudomonas phage MR299-2,JN254801,869
1359,Pseudomonas phage PaMx13,JQ067083,909
1360,Pseudomonas phage PaMx25,JQ067084,1949
1361,Pseudomonas phage PaMx73,JQ067085,1833
1362,Pseudomonas phage PA26,JX194238,958
1363,Pseudomonas phage YMC/01/01/P52_PAE_BP,JX403939,981
1364,Pseudomonas phage H66,KC262634,1164
1365,Pseudomonas phage P3_CHA,KC862296,1438
1366,Pseudomonas phage MBL,KC969441,1356
1367,Pseudomonas phage MP48,KF475786,1498
1368,Pseudomonas phage phiIBB-PAA2,NC_022971,1528
1369,Pseudomonas phage vB_PaeM_C2-10_Ab08,LN610575,1898
1370,Pseudomonas phage vB_PaeM_C2-10_Ab10,LN610586,1908
1371,Pseudomonas phage vB_PaeM_C2-10_Ab15,LN610587,1909
1372,Pseudomonas phage vB_PaeM_PAO1_Ab04,LN610581,1904
1373,Pseudomonas phage vB_PaeM_PAO1_Ab06,LN610582,1905
1374,Pseudomonas phage vB_PaeM_PAO1_Ab11,LN610583,1906
1375,Pseudomonas phage vB_PaeM_PAO1_Ab17,LN610576,1899
1376,Pseudomonas phage vB_PaeM_PAO1_Ab03,LN610573,1896
1377,Pseudomonas phage vB_PaeM_PAO1_Ab29,LN610588,1910
1378,Pseudomonas phage vB_PaeM_PAO1_Ab27,LN610579,1902
1379,Pseudomonas phage vB_PaeM_C1-14_Ab28,LN610589,1911
1380,Pseudomonas phage KPP12,AB560486,983
1381,Pseudomonas phage vB_PaeM_C2-10_Ab02,LN610572,1895
1382,Pseudomonas phage vB_PaeP_PAO1_1-15pyo,LN610580,1903
1383,Pseudomonas phage vB_PaeP_PAO1_Ab05,LN610574,1897
1384,Pseudomonas phage vB_PaeP_C2-10_Ab22,LN610578,1901
1385,Pseudomonas phage LKA1,AM265639,335
1386,Pseudomonas phage KPP25,AB910393,1722
1387,Pseudomonas phage vB_PaeS_PAO1_Ab20,LN610585,1907
1388,Pseudomonas phage vB_PaeS_PAO1_Ab18,LN610577,1900
1389,Pseudomonas phage vB_PaeS_PAO1_Ab30,LN610590,1912
1390,Pseudomonas phage 201phi2-1,NC_010821,441
1391,Pseudomonas phage phi-2,NC_013638,568
1392,Pseudomonas phage phiIBB-PF7A,NC_015264,679
1393,Pseudomonas phage OBP,NC_016571,838
1394,Pseudomonas phage Phi-S1,NC_021062,1281
1395,Pseudomonas phage UFV-P2,NC_018850,1298
1396,Pseudomonas phage gh-1,NC_004665,141
1397,Pseudomonas phage tf,NC_017971,994
1398,Pseudomonas phage Lu11,NC_017972,922
1399,Pseudomonas phage phiPsa374,NC_023601,1961
1400,Pseudomonas phage phiPSA1,NC_024365,1794
1401,Pseudomonas phage phiPSA2,NC_024362,1800
1402,Pseudomonas phage phi8 segment L,NC_003299,85
1403,Pseudomonas phage phi-8 segment M,NC_003300,86
1404,Pseudomonas phage phi8 segment S,NC_003301,87
1405,Pseudomonas phage phi-6 segment S,NC_003714,102
1406,Pseudomonas phage phi-6 segment L,NC_003715,103
1407,Pseudomonas phage phi-6 segment M,NC_003716,104
1408,Pseudomonas phage phi-13 segment S,NC_004170,111
1409,Pseudomonas phage phi-13 segment M,NC_004171,112
1410,Pseudomonas phage phi13 segment L,NC_004172,113
1411,Pseudomonas phage phi-12 segment L,NC_004173,114
1412,Pseudomonas phage phi-12 segment S,NC_004174,115
1413,Pseudomonas phage phi-12 segment M,NC_004175,116
1414,Pseudomonas phage phi2954 segment M,NC_012092,516
1415,Pseudomonas phage phi2954 segment S,NC_012093,517
1416,Pseudomonas phage phi2954 segment L,NC_012091,557
1417,Pseudomonas phage phi2954,FJ608825,515
1418,Pseudomonas phage Bf7,JN991020,840
1419,Pseudomonas phage phi_Pto-bp6g,JN175269,791
1420,Psychrobacter phage pOW20-A,JF974295,1246
1421,Psychrobacter phage Psymv2,JF270478,790
1422,Pyrococcus abyssi virus 1,EF071488,355
1423,Ralstonia phage p12J,NC_005131,387
1424,Ralstonia phage RSK1 DNA,NC_022915,1518
1425,Ralstonia phage RSB3 DNA,NC_022917,1520
1426,Ralstonia phage RSB2 DNA,NC_023736,1692
1427,Ralstonia phage RSS1,NC_008575,343
1428,Ralstonia phage phiRSA1,NC_009382,369
1429,Ralstonia phage RSB1,NC_011201,472
1430,Ralstonia phage RSM3,NC_011399,497
1431,Ralstonia phage PE226,NC_015297,690
1432,Ralstonia phage RSS0,NC_019548,1102
1433,Ralstonia phage RSS30 DNA,NC_021862,1406
1434,Ralstonia phage RSS20 DNA,NC_021866,1407
1435,Ralstonia phage RSJ2,AB920995,1821
1436,Ralstonia phage RSY1,AB981169,1845
1437,Ralstonia phage RSMSuper,AB981170,1846
1438,Ralstonia phage RS611,AB931172,1894
1439,Ralstonia phage RSS30,AB828698,1380
1440,Ralstonia phage RSS20,AB830321,1381
1441,Ralstonia phage RS603,AB937974,1880
1442,Ralstonia phage RSB2,AB597179,649
1443,Ralstonia phage RSB3,AB854109,1494
1444,Ralstonia phage RSK1,AB863625,1513
1445,Rhizobium phage RHEph01,JX483873,1168
1446,Rhizobium phage RHEph02,JX483874,1169
1447,Rhizobium phage RHEph03,JX483875,1170
1448,Rhizobium phage RHEph04,JX483876,1171
1449,Rhizobium phage RHEph05,JX483877,1172
1450,Rhizobium phage RHEph06,JX483878,1173
1451,Rhizobium phage RHEph08,JX483879,1174
1452,Rhizobium phage RHEph09,JX483880,1175
1453,Rhizobium phage RHEph10,JX483881,1176
1454,Rhizobium phage vB_RglS_P106B,NC_023566,1611
1455,Rhizobium phage vB_RleS_L338C,NC_023502,1590
1456,Rhizobium phage vB_RleM_PPF1,KJ746502,1780
1457,Rhizobium phage vB_RleM_P10VF,KM199770,1851
1458,Rhizobium phage RR1-A,JF974314,1353
1459,Rhizobium phage RR1-B,JF974315,1354
1460,Rhodobacter phage RcapMu,NC_016165,817
1461,Rhodobacter phage RcapNL,NC_020489,1228
1462,Rhodobacter phage RC1,JF974308,1252
1463,Rhodococcus phage ReqiPoco6,NC_023694,1652
1464,Rhodococcus phage ReqiDocB7,NC_023706,1664
1465,Rhodococcus phage ReqiPine5,NC_023722,1679
1466,Rhodococcus phage ReqiPepy6,NC_023735,1691
1467,Rhodococcus phage REQ2,NC_016652,844
1468,Rhodococcus phage REQ3,NC_016654,846
1469,Rhodococcus phage REQ1,NC_016655,847
1470,Rhodococcus phage E3,NC_021347,1343
1471,Rhodococcus phage RER2,NC_016653,845
1472,Rhodococcus phage RGL3,JN116826,823
1473,Rhodococcus phage RRH1,NC_016651,843
1474,Rhodothermus phage RM378,NC_004735,146
1475,Rhodovulum phage RS1,JF974307,1251
1476,Riemerella phage RAP44,NC_019490,1071
1477,Roseobacter phage RDJL Phi 1,NC_015466,694
1478,Roseobacter phage SIO1,AF189021,57
1479,Roseophage DSS3P2,NC_012697,525
1480,Ruegeria phage DSS3-P1,KM581061,1878
1481,Silicibacter phage DSS3phi2,FJ591093,511
1482,Salicola phage CGphi29,HQ634153,1238
1483,Salinivibrio phage CW02,JQ446452,870
1484,Salisaeta icosahedral phage 1,JN880423,910
1485,Salmonella phage FSL SP-058,NC_021772,1403
1486,Salmonella phage FSL SP-076,NC_021782,1402
1487,Salmonella phage vB_SenS-Ent2,NC_023608,1599
1488,Salmonella phage iEPS5,NC_021783,1409
1489,Salmonella phage vB_SenS-Ent3,NC_024204,1763
1490,Salmonella phage ST64B,NC_004313,121
1491,Enterobacteria phage P22 virus,NC_002371,204
1492,Salmonella phage E1,NC_010495,430
1493,Salmonella phage phiSG-JL2,NC_010807,440
1494,Salmonella enterica bacteriophage SE1,NC_011802,509
1495,Salmonella phage epsilon34,NC_011976,513
1496,Salmonella phage c341,NC_013059,540
1497,Salmonella phage ST160,NC_014900,651
1498,Salmonella phage SS3e,NC_006940,848
1499,Salmonella phage Vi06,NC_015271,680
1500,Salmonella phage Vi01,NC_015296,681
1501,Salmonella phage 7-11,NC_015938,789
1502,Salmonella phage SE2,NC_016763,856
1503,Salmonella phage SSU5,NC_018843,1019
1504,Salmonella phage RE-2010,NC_019488,1070
1505,Salmonella phage vB_SenS-Ent1,NC_019539,1098
1506,Enterobacteria phage epsilon15,NC_004775,1956
1507,Enterobacteria phage UAB_Phi78,NC_020414,1963
1508,Salmonella phage S16,NC_020416,1207
1509,Salmonella phage FSL SP-031,NC_021775,1397
1510,Salmonella phage FSL SP-030,NC_021779,1400
1511,Salmonella phage FSL SP-088,NC_021780,1401
1512,Salmonella phage FSL SP-004,NC_021774,1404
1513,Enterobacteria phage ST64T,NC_004348,122
1514,Enterobacteria phage P22,AB362338,426
1515,Salmonella phage P22-pbi,AF527608,107
1516,Salmonella phage FO1a,JF461087,794
1517,Enterobacteriaphage UAB_Phi87,JN225449,986
1518,Salmonella phage SPN9TCW,JQ691610,906
1519,Salmonella phage vB_SenS_AG11,JX297445,955
1520,Salmonella phage FSL SP-039,KC139514,1198
1521,Salmonella phage FSL SP-124,KC139515,1199
1522,Salmonella phage FSL SP-063,KC139524,1200
1523,Salmonella phage FSL SP-029,KC139565,1201
1524,Salmonella phage FSL SP-107,KC139638,1202
1525,Salmonella phage FSL SP-038,KC139653,1203
1526,Enterobacterio phage phiKP26,KC579452,1229
1527,Salmonella phage SPC32H,KC911856,1393
1528,Salmonella phage SPC32N,KC911857,1394
1529,Salmonella phage 9NA,KJ802832,1771
1530,Salmonella phage vB_SemP_Emek,NC_018275,968
1531,Salmonella phage vB_SosS_Oslo,NC_018279,975
1532,Salmonella phage Vi II-E1,AM491472,429
1533,Salmonella phage Chi,KM458633,1893
1534,Salmonella phage SETP13,NC_022752,1505
1535,Salmonella phage SETP7,NC_022754,1507
1536,Salmonella phage Marshall,NC_022772,1569
1537,Salmonella phage PVP-SE1,NC_016071,825
1538,Salmonella phage L13,NC_021317,1329
1539,Salmonella phage LSPA1,KM272358,1867
1540,Salmonella phage SFP10,HQ259103,788
1541,Salmonella phage SPN9CC,JF900176,829
1542,Salmonella phage SPN19,JN871591,855
1543,Salmonella phage Maynard,NC_022768,1724
1544,Enterobacteria phage SP6,NC_004831,157
1545,Enterobacteria phage ST104,NC_005841,186
1546,Enterobacteria phage ES18,NC_006949,218
1547,Salmonella phage Fels-1,NC_010391,423
1548,Phage Gifsy-1,NC_010392,424
1549,Phage Gifsy-2,NC_010393,425
1550,Enterobacteria phage Fels-2,NC_010463,428
1551,Salmonella phage PhiSH19,NC_019530,1096
1552,Salmonella phage SPN3UB,NC_019545,1101
1553,Salmonella phage STP4-a,KJ000058,1926
1554,Serratia phage PS2,NC_024121,1747
1555,Serratia phage phiMAM1,JX878496,1105
1556,Shewanella phage Spp001,NC_023594,1946
1557,Shigella phage pSb-1,NC_023589,1623
1558,Shigella phage phiSboM-AG3,NC_013693,587
1559,Shigella phage SfIV,NC_022749,1503
1560,Shigella phage pSf-1,NC_021331,1335
1561,Enterobacteria phage SfV,NC_003444,98
1562,Enterobacteria phage Sf6,NC_005344,177
1563,Shigella phage Shfl1,NC_015456,692
1564,Shigella phage Shfl2,NC_015457,693
1565,Enterobacteria phage SfI,JX509734,995
1566,Shigella phage POCJ13,KJ603229,1743
1567,Shigella phage Shf125875,KM407600,1871
1568,Shigella phage pSf-2,KP085586,1917
1569,Shigella phage SP18,NC_014595,623
1570,Shigella phage EP23,NC_016566,833
1571,Shigella STX1-converting phage HUN/2013,KF766125,1927
1572,Shigella phage pSs-1,KM501444,1875
1573,Sinorhizobium phage PBC5,NC_003324,91
1574,Sinorhizobium phage phiM12,KF381361,1388
1575,Sodalis phage phiSG1,NC_007902,314
1576,Sodalis phage SO-1,NC_013600,566
1577,Sphingomonas phage PAU,NC_019521,1155
1578,Spiroplasma phage 1-R8A2B,NC_001365,15
1579,Spiroplasma phage 1-C74,NC_003793,105
1580,Spiroplasma kunkelii virus SkV1_CR2-3x,NC_009987,412
1581,Staphylococcus phage SA12,NC_021801,1423
1582,Staphylococcus phage JS01,NC_021773,1472
1583,Staphylococcus phage Sb-1,NC_023009,1556
1584,Staphylococcus phage StauST398-4,NC_023499,1588
1585,Staphylococcus phage StauST398-5,NC_023500,1589
1586,Staphylococcus phage phiSA012 DNA,NC_023573,1595
1587,Staphylococcus phage K,NC_005880,1782
1588,Staphylococcus phage DW2,NC_024391,1816
1589,Staphylococcus prophage phiPV83,NC_002486,54
1590,Staphylococcus phage phiSLT,NC_002661,191
1591,Staphylococcus phage phiETA,NC_003288,83
1592,Staphylococcus phage 11,NC_004615,135
1593,Staphylococcus prophage phi 12,NC_004616,136
1594,Staphylococcus prophage phi 13,NC_004617,137
1595,Staphylococcus phage phiP68,NC_004679,143
1596,Staphylococcus phage 77,NC_005356,181
1597,Staphylococcus prophage PVL,NC_002321,51
1598,Staphylococcus prophage phiN315,NC_004740,148
1599,Staphylococcus phage Twort,NC_007021,220
1600,Staphylococcus phage 85,NC_007050,225
1601,Staphylococcus phage G1,NC_007066,226
1602,Staphylococcus phage PT1028,NC_007045,227
1603,Staphylococcus phage 66,NC_007046,228
1604,Staphylococcus phage 69,NC_007048,229
1605,Staphylococcus phage 53,NC_007049,230
1606,Staphylococcus phage 2638A,NC_007051,231
1607,Staphylococcus phage 42e,NC_007052,232
1608,Staphylococcus phage 3A,NC_007053,233
1609,Staphylococcus phage 47,NC_007054,234
1610,Staphylococcus phage 37,NC_007055,235
1611,Staphylococcus phage EW,NC_007056,236
1612,Staphylococcus phage 96,NC_007057,237
1613,Staphylococcus phage ROSA,NC_007058,238
1614,Staphylococcus phage 71,NC_007059,239
1615,Staphylococcus phage 55,NC_007060,240
1616,Staphylococcus phage 29,NC_007061,241
1617,Staphylococcus phage 52A,NC_007062,242
1618,Staphylococcus phage 88,NC_007063,243
1619,Staphylococcus phage 92,NC_007064,244
1620,Staphylococcus phage X2,NC_007065,224
1621,Staphylococcus phage TEM123,NC_017968,917
1622,Staphylococcus phage phiNM1,NC_008583,344
1623,Staphylococcus phage phiPVL108,NC_008689,345
1624,Staphylococcus phage phiETA2,NC_008798,352
1625,Staphylococcus phage phiETA3,NC_008799,353
1626,Staphylococcus prophage tp310-1,NC_009761,1938
1627,Staphylococcus prophage tp310-2,NC_009762,1937
1628,Staphylococcus prophage tp310-3,NC_009763,1939
1629,Staphylococcus phage SAP-2,NC_009875,402
1630,Staphylococcus phage phiMR11,NC_010147,416
1631,Staphylococcus phage phiMR25,NC_010808,439
1632,Staphylococcus phage phi2958PVL,NC_011344,492
1633,Staphylococcus phage phiSauS-IPLA35,NC_011612,502
1634,Staphylococcus phage phiSauS-IPLA88,NC_011614,503
1635,Staphylococcus phage phiPVL-CN125,NC_012784,533
1636,Staphylococcus phage P954,NC_013195,552
1637,Staphylococcus phage SAP-26,NC_014460,620
1638,Staphylococcus phage S24-1,NC_016565,836
1639,Staphylococcus phage GH15,NC_019448,1060
1640,Staphylococcus phage SA11,NC_019511,1083
1641,Staphylococcus phage SMSAP5,NC_019513,1085
1642,Staphylococcus phage JD007,NC_019726,1130
1643,Staphylococcus phage 44AHJD,NC_004678,142
1644,Staphylococcus phage StauST398-1,NC_021326,1334
1645,Staphylococcus phage StauST398-3,NC_021332,1336
1646,Staphylococcus phage StauST398-2,NC_021323,1331
1647,Staphylococcus phage SA13,NC_021863,1431
1648,Staphylococcus phage S13',AB626963,830
1649,Staphylococcus aureus phage phiNM2,DQ530360,324
1650,Staphylococcus aureus phage phiNM4,DQ530362,325
1651,Staphylococcus phage 812,EF136587,347
1652,Staphylococcus phage A5W,EU418428,1704
1653,Staphylococcus phage ISP,FR852584,786
1654,Staphylococcus phage SA1,GU169904,558
1655,Staphylococcus phage Staph1N,JX080300,1698
1656,Staphylococcus phage A3R,JX080301,1699
1657,Staphylococcus phage 676Z,JX080302,1700
1658,Staphylococcus phage Fi200W,JX080303,1701
1659,Staphylococcus phage MSA6,JX080304,1702
1660,Staphylococcus phage P4W,JX080305,1703
1661,Staphylococcus phage LH1,JX174275,1206
1662,Staphylococcus phage SP5,JX274646,989
1663,Staphylococcus phage SP6,JX274647,990
1664,Staphylococcus phage SA5,JX875065,1041
1665,Staphylococcus phage phiBU01,KF831354,1830
1666,Staphylococcus phage phiSa119,KJ596420,1745
1667,Staphylococcus phage 80alpha,NC_009526,376
1668,Staphylococcus phage vB_SauM_Romulus,NC_020877,1276
1669,Staphylococcus phage vB_SauM_Remus,NC_022090,1467
1670,Staphylococcus phage GRCS,NC_023550,1632
1671,Staphylococcus phage phi 12,AF424782,94
1672,Staphylococcus phage phi13,AF424783,95
1673,Staphylococcus phage MCE-2014,KJ888149,1835
1674,Staphylococcus phage P108,KM216423,1860
1675,Staphylococcus phage PVL,AB009866,9
1676,Staphylococcus phage phiSA012,AB903967,1577
1677,Staphylococcus phage StB20,NC_019915,1141
1678,Staphylococcus phage vB_SepiS-phiIPLA5,NC_018281,976
1679,Staphylococcus phage vB_SepiS-phiIPLA7,NC_018284,979
1680,Staphylococcus phage CNPH82,NC_008722,350
1681,Staphylococcus phage PH15,NC_008723,351
1682,Staphylococcus phage phiIBB-SEP1,KF021268,1389
1683,Staphylococcus phage vB_SepS_SEP9,NC_023582,1621
1684,Staphylococcus phage StB27,NC_019914,1140
1685,Staphylococcus phage StB12,NC_020490,1942
1686,Staphylococcus phage SpaA1,NC_018277,969
1687,Staphylococcus phage phiRS7,NC_022914,1517
1688,Staphylococcus phage Team1,KC012913,1785
1689,Stenotrophomonas phage Smp131,NC_023588,1622
1690,Stenotrophomonas phage phiSMA9,NC_007189,246
1691,Stenotrophomonas phage S1,NC_011589,501
1692,Stenotrophomonas phage phiSHP2,NC_015586,826
1693,Stenotrophomonas phage IME15,NC_019416,1051
1694,Stenotrophomonas phage phiSMA7 proviral,NC_021569,1378
1695,Stenotrophomonas phage phiSMA6,HG315669,1379
1696,Stenotrophomonas phage IME13,JX306041,982
1697,Stenotrophomonas phage phiSMA7,HG007973,1357
1698,Streptococcus phage LYGO9,JX409894,984
1699,Streptococcus phage JX01,JX409895,985
1700,Streptococcus phage phi3396,NC_009018,359
1701,Streptococcus phage P9,NC_009819,395
1702,Streptococcus phage PH15,NC_010945,442
1703,Streptococcus phage SM1,NC_004996,161
1704,Streptococcus phage M102,DQ386162,302
1705,Streptococcus phage PH10,NC_012756,531
1706,Streptococcus phage phiBHN167,NC_022791,1512
1707,Streptococcus phage K13,NC_024357,1790
1708,Streptococcus phage DCC1738,NC_024361,1792
1709,Streptococcus phage IC1,NC_024370,1795
1710,Streptococcus phage Cp-1,NC_001825,28
1711,Streptococcus prophage MM1,NC_003050,124
1712,Streptococcus prophage EJ-1,NC_005294,174
1713,Streptococcus phage Dp-1,NC_015274,689
1714,Streptococcus phage MM1 1998,DQ113772,286
1715,Streptococcus phage Spn1,KJ417497,1715
1716,Streptococcus phage CP-7,LK392619,1818
1717,Streptococcus phage SP-QS1,NC_021868,1434
1718,Streptococcus phage EJ-1,AJ609634,169
1719,Temperate phage phiNIH1.1,NC_003157,1933
1720,Streptococcus prophage 315.2,NC_004585,129
1721,Streptococcus pyogenes phage 315.3,NC_004586,130
1722,Streptococcus prophage 315.4,NC_004587,131
1723,Streptococcus prophage 315.5,NC_004588,132
1724,Streptococcus prophage 315.6,NC_004589,133
1725,Streptococcus prophage 315.1,NC_004584,128
1726,Streptococcus phage YMC-2011,NC_018285,967
1727,Streptococcus phage SMP,NC_008721,941
1728,Streptococcus phage phiNJ2,NC_019418,1052
1729,Streptococcus phage phi20c,KC348598,1191
1730,Streptococcus phage phi30c,KC348599,1192
1731,Streptococcus phage phi5218,KC348600,1193
1732,Streptococcus phage phi7917,KC348601,1194
1733,Streptococcus phage phi891591,KC348602,1195
1734,Streptococcus phage phiD12,KC348603,1196
1735,Streptococcus phage phiS10,KC348604,1197
1736,Streptococcus phage phiSS12,KC413987,1189
1737,Streptococcus phage phiST1,KC413988,1190
1738,Streptococcus phage TP-778L,NC_022776,1510
1739,Streptococcus phage 20617,NC_023503,1586
1740,Streptococcus phage 5093,NC_012753,530
1741,Streptococcus phage Sfi19,NC_000871,40
1742,Streptococcus phage 7201,NC_002185,48
1743,Streptococcus phage Sfi11,NC_002214,50
1744,Streptococcus phage Sfi21,NC_000872,41
1745,Streptococcus phage O1205,NC_004303,120
1746,Streptococcus phage DT1,NC_002072,139
1747,Streptococcus phage 2972,NC_007019,221
1748,Streptococcus phage 858,NC_010353,420
1749,Streptococcus phage ALQ13.2,NC_013598,564
1750,Streptococcus phage Abc2,NC_013645,573
1751,Streptococcus phage TP-J34,NC_020197,1178
1752,Streptomyces phage mu1/6,DQ372923,319
1753,Streptomyces phage phiSASD1,NC_014229,607
1754,Streptomyce phage TG1,NC_018853,1027
1755,Streptomyces phage phiHau3,NC_018836,1013
1756,Streptomyces phage R4,NC_019414,1050
1757,Streptomyces phage phiCAM,JX889246,1037
1758,Streptomyces phage phiELB20,JX262376,954
1759,Streptomyces phage phiBT1,NC_004664,176
1760,Streptomyces phage Lika,NC_021298,1314
1761,Streptomyces phage Sujidade,NC_021304,1320
1762,Streptomyces phage Zemlya,NC_021339,1340
1763,Streptomyces phage VWB,NC_005345,207
1764,Streptomyces phage SV1,NC_018848,1023
1765,Sulfitobacter phage pCB2047-C,HQ317384,1823
1766,Sulfitobacter phage pCB2047-A,HQ332142,1822
1767,Sulfitobacter phage pCB2047-B,HQ317387,1578
1768,Sulfitobacter phage EE36phi1,FJ591094,512
1769,Sulfolobus virus STSV2,JQ287645,1009
1770,Sulfolobus islandicus rudivirus 1 variant XX,AJ748296,208
1771,Sulfolobus spindle-shaped virus 4,EU030938,391
1772,Sulfolobus islandicus rod-shaped virus 1,AJ414696,97
1773,Sulfolobus spindle-shaped virus 5,EU030939,392
1774,Sulfolobus islandicus rod-shaped virus 2,AJ344259,81
1775,Sulfolobus monocaudavirus SMV1,HG322870,1572
1776,Sulfolobus turreted icosahedral virus,AY569307,187
1777,Sulfolobus turreted icosahedral virus 2,GU080336,601
1778,Sulfolobus spindle-shaped virus 6,FJ870915,554
1779,Sulfolobus spindle-shaped virus 7,FJ870916,555
1780,Sulfolobus virus Ragged Hills,AY388628,173
1781,Sulfolobus virus STSV1,AJ783769,205
1782,Synechococcus phage S-CBP3,KC310803,1292
1783,Synechococcus phage S-CBP4,KC310804,1293
1784,Synechococcus phage S-CBP1,KC310802,1291
1785,Synechococcus phage S-CBS4,HQ698895,839
1786,Synechococcus phage Syn5,EF372997,368
1787,Prochlorococcus phage Syn33,GU071108,634
1788,Cyanophage Syn30,HQ634189,1240
1789,Cyanophage KBS-P-1A,HQ634188,1249
1790,Cyanophage KBS-S-2A,HQ634187,1248
1791,Synechococcus phage S-RIM2 R9_2006,HQ317291,1223
1792,Synechococcus phage S-RIM2 R21_2007,HQ317290,1222
1793,Synechococcus phage S-RIM8 A.HR5,HQ317385,860
1794,Synechococcus phage S-RIM8 A.HR3,JF974289,862
1795,Synechococcus phage S-MbCM25,KF156339,1548
1796,Synechococcus phage S-RIM2 R1_1999,HQ317292,1224
1797,Synechococcus phage S-CAM1,HQ634177,1233
1798,Synechococcus phage S-CAM8,HQ634178,1349
1799,Synechococcus phage S-IOM18,HQ317383,1346
1800,Synechococcus phage S-RIM8 A.HR1,JF974288,861
1801,Cyanophage KBS-M-1A,JF974293,1250
1802,Synechococcus phage S-MbCM7,KF156338,1547
1803,Synechococcus phage S-MbCM100,KF156340,1549
1804,Synechococcus phage S-RIP2,HQ317389,1211
1805,Synechococcus phage S-SKS1,HQ633071,1237
1806,Synechococcus phage S-PM2,AJ630128,214
1807,Synechococcus phage P60,AF338467,1136
1808,Cyanophage S-SSM2,JF974292,1245
1809,Synechococcus phage S-ShM2,GU071096,626
1810,Synechococcus phage S-SSM5,GU071097,627
1811,Cyanophage S-TIM5,JQ245707,1964
1812,Synechococcus phage Syn19,GU071106,633
1813,Synechococcus phage S-SSM7,GU071098,628
1814,Cyanophage S-SSM6b,HQ316603,1209
1815,Cyanophage S-SSM6a,HQ317391,1225
1816,Synechococcus phage S-CBP2,KC310806,1294
1817,Cyanophage P-SSP2,GU071107,639
1818,Prochlorococcus phage Syn1,GU071105,632
1819,Synechococcus phage S-CRM01,HQ615693,695
1820,Synechococcus phage S-SM1,GU071094,624
1821,Cyanophage Syn2,HQ634190,1241
1822,Cyanophage Syn10,HQ634191,1242
1823,Synechococcus phage S-SM2,GU071095,625
1824,Cyanophage S-SSM4,HQ316583,1208
1825,Synechococcus phage S-RIP1,HQ317388,1210
1826,Synechococcus phage S-CBS1,HM480106,640
1827,Synechococcus phage S-CBS3,GU936715,605
1828,Synechococcus phage S-CBS2,GU936714,604
1829,Tetraselmis viridis virus S1,HQ332143,1235
1830,Tetrasphaera phage TJE1,HQ225832,660
1831,Thalassomonas phage BA3,EU124666,405
1832,Thermoanaerobacterium phage THSA-485A,NC_018264,957
1833,Thermococcus prieurii virus 1,JQ010983,858
1834,Thermus phage IN93,NC_004462,522
1835,Thermus phage P23-45,NC_009803,389
1836,Thermus phage P74-26,NC_009804,390
1837,Thermus phage P23-77,NC_013197,553
1838,Thermus phage TMA,NC_015937,784
1839,Thermus phage phiYS40,AP011616,772
1840,Tsukamurella phage TPA2,NC_015210,675
1841,Vibrio phage PVA1,NC_023605,1639
1842,Vibrio phage phi-A318,KF322026,1500
1843,Vibrio phage AS51,KF800937,1561
1844,Vibrio phage CHOED,NC_023863,1783
1845,Vibrio phage VPUSM 8,NC_022747,1502
1846,Vibrio phage X29,NC_024369,1881
1847,Vibrio phage fs2,NC_001956,37
1848,Vibrio phage K139,NC_003313,88
1849,Vibrio phage fs1,NC_004306,119
1850,Vibrio phage VGJphi,NC_004736,147
1851,Vibrio phage VSK,NC_003327,123
1852,Vibrio phage VP5,NC_005891,197
1853,Vibrio phage VP2,NC_005879,196
1854,Vibrio phage KSF-1phi,NC_006294,206
1855,Vibrio phage kappa,NC_010275,1940
1856,Vibrio phage VEJphi,NC_012757,532
1857,Vibrio phage ICP1,NC_015157,672
1858,Vibrio phage ICP2,NC_015158,673
1859,Vibrio phage ICP3,NC_015159,674
1860,Vibrio phage CTX chromosome I,NC_015209,696
1861,Vibrio phage VCY-phi,NC_016162,820
1862,Vibrio phage CP-T1,NC_019457,1068
1863,Vibrio phage vB_VchM-138,NC_019518,1089
1864,Vibrio phage JA-1,NC_021540,1363
1865,Vibrio phage VFJ,NC_021562,1377
1866,Vibrio phage ND1-fs1,AB572858,613
1867,Vibrio phage CTX,AF416590,79
1868,Vibrio phage VSKK,AF452449,163
1869,Vibrio phage ICP3_2009_B,HQ641341,661
1870,Vibrio phage ICP3_2008_A,HQ641343,662
1871,Vibrio phage ICP3_2007_A,HQ641344,663
1872,Vibrio phage ICP2_2006_A,HQ641346,664
1873,Vibrio phage ICP1_2006_D,HQ641348,665
1874,Vibrio phage ICP1_2006_C,HQ641349,666
1875,Vibrio phage ICP1_2006_B,HQ641350,667
1876,Vibrio phage ICP1_2006_A,HQ641351,668
1877,Vibrio phage ICP1_2005_A,HQ641352,669
1878,Vibrio phage ICP1_2001_A,HQ641353,670
1879,Vibrio phage ICP1_2004_A,HQ641354,671
1880,Vibrio phage phiVC8,JF712866,783
1881,Vibrio phage VP3,JQ780163,903
1882,Vibrio phage VCO139,KC438283,1278
1883,Vibrio phage ICP2_2011_A,KM224878,1836
1884,Vibrio phage ICP2_2013_A_Haiti,KM224879,1837
1885,Vibrio phage 24,KJ572844,1874
1886,Vibrio phage 1,JF713456,701
1887,Vibrio phage VHML,NC_004456,126
1888,Vibrio phage VH7D,NC_023568,1593
1889,Vibrio phage PWH3a-P1,NC_020863,1268
1890,Vibrio phage nt-1,NC_021529,1943
1891,Vibrio phage vpms1,NC_021776,1398
1892,Vibrio phage SHOU24,NC_023569,1612
1893,Vibrio phage VfO3K6,NC_002362,52
1894,Vibrio phage VfO4K68,NC_002363,53
1895,Vibrio phage VpV262,NC_003907,125
1896,Vibrio phage Vf33,NC_005948,202
1897,Vibrio phage Vf12,NC_005949,203
1898,Vibrio phage KVP40,NC_005083,323
1899,Vibrio phage VP882,NC_009016,357
1900,Vibrio phage VP93,NC_012662,523
1901,Vibrio phage pVp-1,NC_019529,1095
1902,Vibrio phage VP58.5,FN297812,599
1903,Vibriophage phi-pp2,JN849462,942
1904,Vibrio phage VPp1,KJ936628,1839
1905,Vibrio phage vB_VpaS_MAR10,NC_019713,1118
1906,Vibrio phage vB_VpaM_MAR,NC_019722,1127
1907,Vibrio phage VBP47,NC_020848,1265
1908,Vibrio phage VBM1,NC_020850,1266
1909,Vibrio phage VBP32,NC_020868,1269
1910,Vibrio phage VpKK5,KM378617,1913
1911,Vibrio phage SIO-2,HQ316604,818
1912,Vibrio phage pYD21-A,JF974287,1227
1913,Vibrio phage pYD38-A,JF974312,1351
1914,Vibrio phage 11895-B1,HQ634157,1239
1915,Vibrio phage pYD38-B,JF974313,1352
1916,Vibrio phage helene 12B3,NC_021067,1283
1917,Vibrio phage martha 12B12,NC_021070,1285
1918,Vibrio phage henriette 12B8,NC_021073,1286
1919,Vibrio phage VvAW1,NC_020488,1221
1920,Vibrio phage PV94,HG803181,1736
1921,Vibrio phage SSP002,JQ692107,871
1922,Weissella phage phiYS61,NC_018270,970
1923,Wolbachia endosymbiont wVitA of Nasonia vitripennis phage WOVitA1,HQ906662,654
1924,Wolbachia endosymbiont wVitA of Nasonia vitripennis phage WOVitA2,HQ906663,655
1925,Wolbachia endosymbiont wVitA of Nasonia vitripennis phage WOVitA4,HQ906664,656
1926,Wolbachia endosymbiont wVitB of Nasonia vitripennis phage WOVitB,HQ906665,657
1927,Xanthomonas phage XacF1,AB910602,1832
1928,Xanthomonas phage Cf1c,NC_001396,16
1929,Xanthomonas phage Xp15,NC_007024,223
1930,Xanthomonas phage phiL7,NC_012742,528
1931,Xanthomonas citri phage CP2 DNA,NC_020205,1181
1932,Xanthomonas phage CP1 DNA,NC_019933,1289
1933,Xanthomonas citri phage CP2,AB720064,1054
1934,Xanthomonas phage CP1,AB720063,1288
1935,Xanthomonas phage Xp10,NC_004902,159
1936,Xanthomonas phage OP1,NC_007709,299
1937,Xanthomonas phage OP2,NC_007710,300
1938,Xanthomonas phage Xop411,NC_009543,378
1939,Xanthomonas phage vB_XveM_DIBBI,NC_017981,926
1940,Phage Paz,NC_022982,1536
1941,Phage Prado,NC_022987,1541
1942,Xylella phage Xfas53,NC_013599,565
1943,Xylella phage Sano,KF626665,1514
1944,Xylella phage Salvo,KF626668,1515
1945,Yersinia phage phiYeO3-12,NC_001271,45
1946,Yersinia phage PY54,NC_005069,165
1947,Yersinia phage phiR1-37,NC_016163,821
1948,Yersinia phage phiR1-RT ,NC_019909,1137
1949,Yersinia phage phi80-18,NC_019911,1957
1950,Yersinia phage phiR201,NC_019919,1945
1951,Yersinia phage phiR8-01,HE956707,1948
1952,Yersinia phage vB_YenP_AP5,KM253764,1861
1953,Yersinia phage phiR1-RT,HE956709,962
1954,Yersinia phage Yep-phi,NC_023715,1673
1955,Yersinia phage L-413C,NC_004745,149
1956,Yersinia pestis phage phiA1122,NC_004777,151
1957,Yersinia phage Berlin,NC_008694,346
1958,Yersinia phage Yepe2,NC_011038,455
1959,Yersinia phage phiD1,HE956711,963
1960,Yersinia phage R,JX000007,1153
1961,Yersinia phage YpP-R,JQ965701,913
1962,Yersinia phage YpsP-G,JQ965703,915
1963,Yersinia phage YpP-Y,JQ965700,912
1964,Yersinia phage YpP-G,JQ965702,914
